pdb_id,antigen_chains,highlighted_epitope_sequences,epitope_residues
1a14,N,RDFNNLTKGLCTINSWHIYGKDNAVRIGEDSDVLVTREPYVSCDPDECRFYALSQGTTIRGKHSNGTIHDRSQYRALISWPLSSPPTVNSRVECIGWSSTSCHDGKTRMSICISGPNNNASAVIWYNRRPVTEINTWARNILRTQESECVCHNGVCPVVFTDGSATGPAETRIYYFKEGKILKWEPLAGTAKHIEECSCYGERAEITCTCRDNWQGSNRPVIRIDPVAMTHTSQYICSPVLTDNPRP[N][D][P][T][V]GKCNDPY[P]G[N][N]NNGVKGFSYLDGVNTWLGRTI[S][I][A][S][R]S[G]YEMLKVPNALTDDKSKPTQGQTIVLN[T][D][W][S]GYSGSFMDAEGECYRACFYVELIRGRPKED[K]VWWTSNSIVSMCSSTEFLGQWDWPDGAKIEYFL,N:ALA 369|N:ASN 329|N:ASN 344|N:ASN 400|N:ASP 330|N:ASP 402|N:GLY 343|N:ILE 366|N:ILE 368|N:LYS 432|N:PRO 328|N:PRO 331|N:SER 367|N:SER 370|N:SER 372|N:THR 332|N:THR 401|N:TRP 403|N:TYR 341
1a2y,C,KVFGRCELAAAMKRHGLA[N]YR[G][Y][S][L][G][N]WVCAAKFESNFNTQATNRNTDGSTDYGILQINSRWWCNDGRTPGSRNLCNIPCSALLSSDITASVNCAKKIVSD[G][N]GMNAWVAW[R]NRC[K][G][T][D][V][Q]AWI[R]GCRL,C:ARG 112|C:ARG 125|C:ASN 103|C:ASN 19|C:ASN 27|C:ASP 119|C:GLN 121|C:GLY 102|C:GLY 117|C:GLY 22|C:GLY 26|C:LEU 25|C:LYS 116|C:SER 24|C:THR 118|C:TYR 23|C:VAL 120
1a3r,P,[V][K][A][E][T][R][L][N][P][D][L][Q][P][T][E],P:ALA 158|P:ARG 161|P:ASN 163|P:ASP 165|P:GLN 167|P:GLU 159|P:GLU 170|P:LEU 162|P:LEU 166|P:LYS 157|P:PRO 164|P:PRO 168|P:THR 160|P:THR 169|P:VAL 156
1acy,P,H[I][G][P][G][R][A][F]YT,P:ALA 323|P:ARG 322|P:GLY 319|P:GLY 321|P:ILE 316|P:PHE 324|P:PRO 320
1adq,A,PSVFLFPPKPKDT[L][M][I][S][R]TPEVTCVVVDVSQEDPQVQFNWYVDGVQVHNAKTKPREQQFNSTYRVVSVLTVLHQNWLDGKEYKCKVSNKGLPSSIEKTISKAKGQPREPQVYTLPPSQEEMTKNQVSLTCLVKGFYPSDIAVEWES[N][G][Q]PENNYKTTPPVLDSDGSFFLYSRLTVDKSRWQEGN[V]F[S]CSV[M]HEAL[H][N][H][Y]T[Q]K[S]LSL,A:ARG 255|A:ASN 384|A:ASN 434|A:GLN 386|A:GLN 438|A:GLY 385|A:HIS 433|A:HIS 435|A:ILE 253|A:LEU 251|A:MET 252|A:MET 428|A:SER 254|A:SER 424|A:SER 440|A:TYR 436|A:VAL 422
1afv,A|B,PIVQNLQGQMVHQAISPRTLNAWVKVVEEKAFSPEVIPMFSALSEGATPQDLNTMLNTVGGHQAAMQMLKE[T]I[N][E][E][A][A][E]W[D][R][L]H[P]VHAGPIAPGQMREP[R][G][S]DIAGTTSTLQEQIGWMTHNPPIPVGEIYKRWIILGLNKIVRMYSPTSIL|PIVQNLQGQMVHQAISPRTLNAWVKVVEEKAFSPEVIPMFSALSEGATPQDLNTMLNTVGGHQAAMQMLKETINEEAAEWDRLHPVHAGPIAPGQMREPRGSDIAGTTSTLQEQIGWMTHNPPIPVGEIYKRWIILGLNKIVRMYSPTSIL,A:ALA 77|A:ALA 78|A:ARG 100|A:ARG 82|A:ASN 74|A:ASP 81|A:GLU 75|A:GLU 76|A:GLU 79|A:GLY 101|A:LEU 83|A:PRO 85|A:SER 102|A:THR 72|
1ahw,F|C,TNTVAAYNLTWKSTNFKTILEWEPKPVNQVYTVQISTKSGDWKSKCFYTTDTECDLTDEIVKDVKQTYLARVFSYPAGNEPLYENSPEFTPYLETNLGQPTIQSFEQVGTKVNVTVEDERTLVRRNNTFLSLRDVFG[K]DL[I]Y[T]L[Y]YWKSSSSG[K][K][T][A][K][T][N]TNEFLIDVDKGENYCFSV[Q]A[V]I[P]SR[T][V]N[R][K]ST[D]SPVECMG|TNTVAAYNLTWKSTNFKTILEWEPKPVNQVYTVQISTKSGDWKSKCFYTTDTECDLTDEIVKDVKQTYLARVFSYPAGNEPLYENSPEFTPYLETNLGQPTIQSFEQVGTKVNVTVEDERTLVRRNNTFLSLRDVFGKDLIYTLYYWKSSSSGKKTAKTNTNEFLIDVDKGENYCFSVQAVIPSRTVNRKSTDSPVECMG,F:ALA 168|F:ARG 200|F:ASN 171|F:ASP 204|F:GLN 190|F:ILE 152|F:LYS 149|F:LYS 165|F:LYS 166|F:LYS 169|F:LYS 201|F:PRO 194|F:THR 154|F:THR 167|F:THR 170|F:THR 197|F:TYR 156|F:VAL 192|F:VAL 198|
1ai1,P,H[I][G][P][G][R][F]YT,P:ARG 322|P:GLY 319|P:GLY 321|P:ILE 316|P:PHE 324|P:PRO 320
1ar1,B,QDVLGDLPVIGKPVNGGMNFQP[A]SS[P]LA[H][D]QQ[W]LDHFVLYIITAVTIFVCLLLLICIVRFNRRANPVPARFTHNTPIEVIWTLVPVLILVAIGAFSLPILFRSQEMPNDPDLVIKAIGHQWYWSYEYPNDGVAFDALMLEKEALADAGYSEDEYLLATDNPVVVP[V][G][K]KVLVQVTATDVIHAWTIPAFAVKQDAVPGRIAQLWF[S][V][D][Q][E]GVYFGQCSELCGINHAYMPIVVKAV[S][Q][E]KY[E]AWLAGAKEEFAA,B:ALA 23|B:ASP 207|B:ASP 30|B:GLN 208|B:GLN 236|B:GLU 209|B:GLU 237|B:GLU 240|B:GLY 167|B:HIS 29|B:LYS 168|B:PRO 26|B:SER 205|B:SER 235|B:TRP 33|B:VAL 166|B:VAL 206
1bgx,T,MRGMLPLFEPKGRVLLVDGHHLAYRTFHALKGLTTSRGEPVQAVYGFAKSLLKALKEDGDAVIVVFDAKAPSFRHEAYGGYKAGRAPTPEDFPRQLALIKELVDLLGLARLEVPGYEADDVLASLAKKAEKEGYEVRILTADKDLYQLLSDRIHVLHPEGYLITPAWLWEKYGLRPDQWADYRALTGDESDNLPGVKGIGEKTARKLLEEWGSLEALLKNLDRLKPAIREKILAHMDDLKLSWDLAKVRTDLPLEVDFAKRREPDRERLRAFLERLEFGSLLHEFGLLESPKALEEAPWPPPEGAFVGFVLS[R][K][E]PMWADLLALAAARGGRVHRAPEPYKALRDLKEARGL[L]AKDLSVLALREGLGLPPGDDPMLLAYLLD[P][S]N[T][T]P[E]GVA[R]RYGG[E][W][T][E]EAGERAALSERLFANLWGRLEGEERLLWLYREVERPLSAVLAHMEATGVRLDVAYLRAL[S]LEV[A]EE[I]ARL[E]AEV[F]RLAGH[P][F][N][L][N][S][R][D]QLERVLFDELGLPAIG[K][T][E]KT[G][K][R]ST[S][A]AVLEALREAHPIVEK[I]LQ[Y][R]EL[T][K][L][K][S][T][Y][I][D][P]LPD[L]IHPRTGRLHTRF[N]QT[A][T][A]TGRLSS[S][D]P[N]LQ[N]I[P]VRTPLGQRIRRAFIAEEGWLLVALDYSQIELRVLAHLSGDENLIRVFQEGRDIHTETASWMFGVPREAVDPLMRRAAKTINFGVLYGMSAHRLSQELAIPYEEAQAFIERYFQSFPKVRAWIEKTLEEGRRRGYVETLFGRR[R]YV[P][D]LEARVKS[V]RE[A]AER[M]AFNMPVQGTAADLMKLAMVKLFPRLEEMGARMLLQVHDELVLEAAEAVARLAKEVMEGVYPLAVPLEVEVGIGEDWLSAKE,T:ALA 464|T:ALA 516|T:ALA 568|T:ALA 570|T:ALA 743|T:ARG 313|T:ARG 392|T:ARG 487|T:ARG 512|T:ARG 536|T:ARG 728|T:ASN 483|T:ASN 485|T:ASN 565|T:ASN 580|T:ASN 583|T:ASP 488|T:ASP 547|T:ASP 578|T:ASP 732|T:GLU 315|T:GLU 388|T:GLU 397|T:GLU 400|T:GLU 471|T:GLU 507|T:GLY 510|T:ILE 467|T:ILE 532|T:ILE 546|T:LEU 352|T:LEU 484|T:LEU 541|T:LEU 552|T:LYS 314|T:LYS 505|T:LYS 511|T:LYS 540|T:LYS 542|T:MET 747|T:PHE 475|T:PHE 482|T:PRO 382|T:PRO 481|T:PRO 548|T:PRO 585|T:PRO 731|T:SER 383|T:SER 460|T:SER 486|T:SER 515|T:SER 543|T:SER 577|T:THR 385|T:THR 386|T:THR 399|T:THR 506|T:THR 539|T:THR 544|T:THR 569|T:TRP 398|T:TYR 535|T:TYR 545|T:VAL 740
1bj1,W|V,VVKFMDVYQRSYCHPIETLVDIFQEYPDEIEYIFKPSCVPLMRCGGCCNDEGLECVPTEESNITM[Q][I][M][R][I][K]P[H][Q][G][Q][H][I][G][E][M]SFLQHNKCECRPK|VVK[F]MDV[Y]QRSYCHPIETLVDIFQEYPDEIEYIFKPSCVPLMRCGGCCNDEGLECVPTEESNITMQIMRIKPHQGQHIGEMSFLQHNKCECRPK,W:ARG 82|W:GLN 79|W:GLN 87|W:GLN 89|W:GLU 93|W:GLY 88|W:GLY 92|W:HIS 86|W:HIS 90|W:ILE 80|W:ILE 83|W:ILE 91|W:LYS 84|W:MET 81|W:MET 94|V:PHE 17|V:TYR 21
1bog,C,[G][A][T][P][E][D][L][N][Q][K][L],C:ALA 2|C:ASN 8|C:ASP 6|C:GLN 9|C:GLU 5|C:GLY 1|C:LEU 11|C:LEU 7|C:LYS 10|C:PRO 4|C:THR 3
1bql,Y,KVFGRCELAAAMKRHGLDNYRGYSLGNWVCAAKFESNFNS[Q]A[T][N][R][N][T][D][G]S[T]D[Y]GVLQINSRWWCND[G][K][T][P]GSRNLCNIPC[S]AL[L]SSDITATVNCAKKIVSDGNGMNAWVAWRNRCKGTDVQAWIRGCRL,Y:ARG 45|Y:ASN 44|Y:ASN 46|Y:ASP 48|Y:GLN 41|Y:GLY 49|Y:GLY 67|Y:LEU 84|Y:LYS 68|Y:PRO 70|Y:SER 81|Y:THR 43|Y:THR 47|Y:THR 51|Y:THR 69|Y:TYR 53
1bvk,C|F,KVFGRCELAAAMKRHGL[D][N]YR[G][Y][S]LG[N]WVCAAKFESNFNTQATNRNTDGSTDYGILQINSRWWCNDGRTPGSRNLCNIPCSALLSSDITASVNCAKKIVSD[G][N]GMNAWVAWRNRC[K][G][T][D][V][Q]AW[I][R]GCR[L]|KVFGRCELAAAMKRHGLDNYRGYSLGNWVCAAKFESNFNTQATNRNTDGSTDYGILQINSRWWCNDGRTPGSRNLCNIPCSALLSSDITASVNCAKKIVSDGNGMNAWVAWRNRCKGTDVQAWIRGCRL,C:ARG 125|C:ASN 103|C:ASN 19|C:ASN 27|C:ASP 119|C:ASP 18|C:GLN 121|C:GLY 102|C:GLY 117|C:GLY 22|C:ILE 124|C:LEU 129|C:LYS 116|C:SER 24|C:THR 118|C:TYR 23|C:VAL 120|
1c08,C,KVFGRCELAAAMK[R][H][G]L[D][N][Y][R][G]YSLGNWVCAAKFESNFNTQATNRNTDGSTDYGILQINSR[W][W]CNDGRTPGS[R]N[L]C[N]IPCSALLSSDI[T]ASV[N]CA[K][K]I[V][S][D][G][N]GMNAWVAWRNRCKGTDVQAWIRGCRL,C:ARG 14|C:ARG 21|C:ARG 73|C:ASN 103|C:ASN 19|C:ASN 77|C:ASN 93|C:ASP 101|C:ASP 18|C:GLY 102|C:GLY 16|C:GLY 22|C:HIS 15|C:LEU 75|C:LYS 96|C:LYS 97|C:SER 100|C:THR 89|C:TRP 62|C:TRP 63|C:TYR 20|C:VAL 99
1cbv,D,,D:DT 1|D:DT 2|D:DT 3
1ce1,P,[G][T][S][S][P][S][A][D],P:ALA 6|P:ASP 7|P:GLY 0|P:PRO 4|P:SER 2|P:SER 3|P:SER 5|P:THR 1
1cfn,C,[G][A][T][P][Q][D][L][N][T],C:ALA 2|C:ASN 8|C:ASP 6|C:GLN 5|C:GLY 1|C:LEU 7|C:PRO 4|C:THR 3|C:THR 9
1cfs,C,[G][L]Y[E][W][G][G][A][R][I][T],C:ALA 8|C:ARG 9|C:GLU 4|C:GLY 1|C:GLY 6|C:GLY 7|C:ILE 10|C:LEU 2|C:THR 11|C:TRP 5
1cft,C,[L][K][G][P][L],C:GLY 3|C:LEU 1|C:LEU 5|C:LYS 2|C:PRO 4
1ct8,D,QVKLLESGAVLVKPGASVKLSCKTSGFTFSSSYINWLKQKPGQSLEWIAWIYG[S][G]GTVYNQHFTDKARLTVDTSSSTAYMQFTTEDSAIYYCARYRYDE[G]AYWGQGTLVTVSAAKTTPPSVYPLAPGSAAQTNSMVTLGCLVKGYFPEPVTVTWNSGSLSSGVHTFPAVLQSDLYTLSSSVTVPSSTWPSETVTCNVAHPASSTKVDKKIVPRDC,D:GLY 53|D:SER 54|D:TYR 97
1cu4,P,A[P][K][T][N][M][K][H][M][A],P:ALA 113|P:ASN 108|P:HIS 111|P:LYS 106|P:LYS 110|P:MET 109|P:MET 112|P:PRO 105|P:THR 107
1cz8,V|W,VVKFMDVYQRSYCHPIETLVDIFQEYPDEIE[Y]IF[K]PSCVPLMRCGGCCNDEGLECVPTEESNITM[Q][I][M][R][I][K]P[H][Q][G][Q][H][I][G][E][M]SFLQHNKCECRPK|VVK[F]MDVYQRSYCHPIETLVDIFQEYPDEIEYIFKPSCVPLMRCGGCCNDEGLECVPTEESNITMQIMRIKPHQGQHIGEMSFLQHNKCECRPK,V:ARG 82|V:GLN 79|V:GLN 87|V:GLN 89|V:GLU 93|V:GLY 88|V:GLY 92|V:HIS 86|V:HIS 90|V:ILE 80|V:ILE 83|V:ILE 91|V:LYS 48|V:LYS 84|V:MET 81|V:MET 94|V:TYR 45|W:PHE 17
1dee,H|G,FNKDQQSAFYEILNMPNL[N]E[A][Q]RN[G][F]I[Q][S]LK[D][D]PS[Q]ST[N][V]LG[E]AKK[L]NESQAPK|DQQSAFYEILNMPNLNEAQRNGFIQSLKDDPSQSTNVLGEAKKLNESQAPK,H:ALA 2823|H:ASN 2821|H:ASN 2841|H:ASP 2834|H:ASP 2835|H:GLN 2824|H:GLN 2830|H:GLN 2838|H:GLU 2845|H:GLY 2827|H:LEU 2849|H:PHE 2828|H:SER 2831|H:VAL 2842|
1dqj,C,KVFGRCELAAAM[K][R][H][G][L][D][N][Y][R]GYSLGNWVCAAKFESNFNTQATNRNTDGSTDYGILQINSR[W][W]CNDGRTPGS[R]N[L]C[N]IPCSALLSSDI[T]ASV[N]CA[K][K]I[V][S][D][G][N]GMNAWVAWRNRCKGTDVQAWIRGCRL,C:ARG 14|C:ARG 21|C:ARG 73|C:ASN 103|C:ASN 19|C:ASN 77|C:ASN 93|C:ASP 101|C:ASP 18|C:GLY 102|C:GLY 16|C:HIS 15|C:LEU 17|C:LEU 75|C:LYS 13|C:LYS 96|C:LYS 97|C:SER 100|C:THR 89|C:TRP 62|C:TRP 63|C:TYR 20|C:VAL 99
1dzb,X|Y,KVYGRCELAAAMKRLGLDNYRGYSLGNWVCAAKFESNFNTHATNRNTDGSTDYGILQINSRWWCNDGRTPGSKNLCNIPCSALLSSDITASVNCAKKIASGGNGMNAWVAWRNRCKGTDVHAWIRGCRL|KVYGRCELAAAMKRLGLDNYRGYSLGNWVCAAKFESNFNTHATNRNTDGSTDYGILQINSRWWCNDGRTPGSKNLCNIPCSALLSSDITASVNCAKKIASGGNGMNAWVAWRNRCKGTDVHAWIRGCRL,|
1e4w,P,[S][H][F][N][E][Y][E],P:ASN 4|P:GLU 5|P:GLU 7|P:HIS 2|P:PHE 3|P:SER 1|P:TYR 6
1e4x,P|Q,[V][V][S][H][F][N][D]|VVSHFND,P:ASN 6|P:ASP 7|P:HIS 4|P:PHE 5|P:SER 3|P:VAL 1|P:VAL 2|
1e6j,P,VHQAISPRTLNAWVKVVEEKAFSPEVIPMFSALSEGATPQDLNTMLNTVGGHQAAMQMLKETINEEAAEWDRVHPVHAGPIAPGQMREPRGSDIAGTTSTLQEQIGWMTNNPPIPVGEIYKRWIILGLNKIVRMYSPTSILDIRQGPKEPFRDYVDRFYKTLRAEQASQEVKNWMT[E]TLLVQNANPDCKTIL[K][A][L][G][P][A][A][T]L[E][E]MM[T][A]CQG,P:ALA 204|P:ALA 208|P:ALA 209|P:ALA 217|P:GLU 187|P:GLU 212|P:GLU 213|P:GLY 206|P:LEU 205|P:LYS 203|P:PRO 207|P:THR 210|P:THR 216
1egj,A,IQMAPPSLNVTKDGDSYSLRWETM[K][M][R][Y][E][H]IDHTFEIQYRKDTATWKDSKTETLQNA[H]SMALPALEPSTRYWARVRVR[T][S][R][T]G[Y][N]GIWSEWSEARSWDTES,A:ARG 364|A:ARG 418|A:ASN 422|A:GLU 366|A:HIS 367|A:HIS 395|A:LYS 362|A:MET 363|A:SER 417|A:THR 416|A:THR 419|A:TYR 365|A:TYR 421
1ehl,A,,A:DT 2
1ejo,P,[Y][T][T][S][T][R][G][D][L]A[H][V]T,P:ARG 3141|P:ASP 3143|P:GLY 3142|P:HIS 3146|P:LEU 3144|P:SER 3139|P:THR 3137|P:THR 3138|P:THR 3140|P:TYR 3136|P:VAL 3147
1eo8,A,STATLCLGHHAVPNGTLVKTITDDQIEVTNATELVQSSSTG[K]ICNNPHRIL[D]G[I][D]CTLIDALLGD[P][H]C[D][V][F]QNETWDLFVE[R][S][K]A[F]SNCYPYDVPDYASLRSLVASSGTLEFITEGFTWTGVTQNGGSNACKR[G]PGSGFFSRLNWLTKSGSTYPVLNVTMPNNDNFDKLYIWGIHHPSTNQEQTSLYVQASGRVTVSTRRSQQTIIPNIGSRPWVRGLSSRISIYWTIVKPGDVLVINSNGNLIAPRGYFKMRTGKSSIMRS[D][A][P]IDTCISECITPNGSIPNDKPFQNVNKITYGACPKYVKQNTLKLATGMRNVPEKQ,A:ALA 272|A:ARG 90|A:ASP 271|A:ASP 60|A:ASP 63|A:ASP 77|A:GLY 142|A:HIS 75|A:ILE 62|A:LYS 50|A:LYS 92|A:PHE 79|A:PHE 94|A:PRO 273|A:PRO 74|A:SER 91|A:VAL 78
1ezv,E,KSTYRTPNFDDVLKENNDADKGRSYAYFMVGAMGLLSSAGAKSTVETFISSMTATADVLAMAKVEVNLAAIPLGKNVVVKWQGKPVFIRHRT[P][H]EI[Q]EA[N][S][V][D][M]SALKDPQ[T][D][A]DR[V][K][D][P][Q]WLIMLGICTHLGCVPIGEAGDFGGWFCPCHGSHYDISG[R]IRKGPAPLNLEIPAYE[F]DGDKVIVG,E:ALA 144|E:ARG 190|E:ASN 130|E:ASP 133|E:ASP 143|E:ASP 149|E:GLN 127|E:GLN 151|E:HIS 124|E:LYS 148|E:MET 134|E:PHE 207|E:PRO 123|E:PRO 150|E:SER 131|E:THR 142|E:VAL 132|E:VAL 147
1f3r,A,WNPGDYGGI,
1f58,P,[R][I][H][I][G][P][G][R][F][Y],P:ARG 313|P:ARG 322|P:GLY 319|P:GLY 321|P:HIS 315|P:ILE 314|P:ILE 316|P:PHE 324|P:PRO 320|P:TYR 325
1f90,E,[K][P][L][E][E][V][L][N]L,E:ASN 8|E:GLU 4|E:GLU 5|E:LEU 3|E:LEU 7|E:LYS 1|E:PRO 2|E:VAL 6
1fbi,X|Y,KVFGRCELAAAMK[R][H][G]LDN[Y][R]GYSLGNWVCAAKFESNFNSQATNRNTDGSTDYGVLQINSR[W]WCNDGRTPG[S][R]N[L][C][N]IPCSALQSSDI[T]ATA[N]CA[K][K]IV[S][D][G]NGMNAWVAWRKHCKGTDVRVWIKGCRL|KVFGRCELAAAMKRHGLDNYRGYSLGNWVCAAKFESNFNSQATNRNTDGSTDYGVLQINSRWWCNDGRTPGSRNLCNIPCSALQSSDITATANCAKKIVSDGNGMNAWVAWRKHCKGTDVRVWIKGCRL,X:ARG 14|X:ARG 21|X:ARG 73|X:ASN 77|X:ASN 93|X:ASP 101|X:CYS 76|X:GLY 102|X:GLY 16|X:HIS 15|X:LEU 75|X:LYS 96|X:LYS 97|X:SER 100|X:SER 72|X:THR 89|X:TRP 62|X:TYR 20|
1fdl,Y,KVFGRCELAAAMKRHGL[D][N]YR[G][Y][S]LG[N]WVCAAKFESNFNTQATNRNTDGSTDYGILQINSRWWCNDGRTPGSRNLCNIPCSALLSSDITASVNCAKKIVSDGNGMNAWVAWRNRC[K][G][T][D][V][Q]AW[I][R]GCRL,Y:ARG 125|Y:ASN 19|Y:ASN 27|Y:ASP 119|Y:ASP 18|Y:GLN 121|Y:GLY 117|Y:GLY 22|Y:ILE 124|Y:LYS 116|Y:SER 24|Y:THR 118|Y:TYR 23|Y:VAL 120
1fe8,A|C|B,PDCSQPLDVILLLDGSSSFPASYFDEKSFAKAFISKANI[G][P][R]L[T]QVSVLQYGSITTI[D]V[P][W][N][V][V][P][E]K[A][H]L[L][S][L]V[D][V]QREGGPSQIGDALGFAVRYLTSE[H][G]A[R]PGASKAVVILVTDVSVDSVDAAADAARSNRVTVFPIGIGDRYDAAQLRILAGPAGDSNVVKLQRIEDLPTVTLGNSFLHKLCS|APDCSQPLDVILLLDGSSSFPASYFDEKSFAKAFISKANIGPRLTQVSVLQYG[S]ITTIDVPWNVVPEKAHLLSLVDVQREGG[P]S[Q]IG[D]ALGFAV[R]YLTSE[H]GARPGASKAVVILVTDV[S][V][D][S]V[D]AAADAARSNRVTVFPIGIGDRYDAA[Q]LRILAGPAGDSNVVKLQRIEDLPTVTLGNSFLHKLCS|PDCSQPLDVILLLDGSSSFPASYFDEKSFAKAFISKANIGPRLTQVSVLQYGSITTIDVPWNVVPEKAHLLSLVDVQREGGPSQIGDALGFAVRYLTSEHGARPGASKAVVILVTDVSVDSVDAAADAARSNRVTVFPIGIGDRYDAAQLRILAGPAGDSNVVKLQRIEDLPTVTLGNSFLHKLCS,A:ALA 989|A:ARG 1026|A:ARG 963|A:ASN 983|A:ASP 979|A:ASP 996|A:GLU 987|A:GLY 1024|A:GLY 961|A:HIS 1023|A:HIS 990|A:LEU 992|A:LEU 994|A:PRO 962|A:PRO 981|A:PRO 986|A:SER 993|A:THR 965|A:TRP 982|A:VAL 984|A:VAL 985|A:VAL 997|C:ARG 1016|C:ASP 1009|C:ASP 1043|C:ASP 1046|C:GLN 1006|C:GLN 1072|C:HIS 1023|C:PRO 1004|C:SER 1041|C:SER 1044|C:SER 974|C:VAL 1042|
1fj1,F|E,SLDEKNSVSVDLPGEMKVLVSKEKNKDGKYDLIATVDKLELKGTSDKNNGSGVLEGVKADKCKVKLTISDDLGQTTLEVFKEDGKTLVSKKVTSKDKSSTEEKFNEKGEVSEKIITRADGTRLEYTGIKSDGSGKAKEVLKGYVLEGTLTAEKTTLVVKEGTVTLSKNISKSGEVSVE[L]NDTD[S][S][A][A]T[K]K[T][A][A]WNSGTSTL[T]I[T]V[N][S][K]KTKDLVFTKENTITVQQY[D][S][N][G][T]KLEGSAVEITKLDEIKNALK|SLDEKNSVSVDLPGEMKVLVSKEKNKDGKYDLIATVDKLELKGTSDKNNGSGVLEGVKADKCKVKLTISDDLGQTTLEVFKEDGKTLVSKKVTSKDKSSTEEKFNEKGEVSEKIITRADGTRLEYTGIKSDGSGKAKEVLKGYVLEGTLTA[E][K]TTLVVKEGTVTLSKNI[S]K[S]G[E]VSVELNDTDSSAATKKTAAWNSGTSTLTITVNSKKTKDLVFTKENTITVQQYDSNGTKLEGSAVEITKLDEIKNALK,F:ALA 208|F:ALA 209|F:ALA 214|F:ALA 215|F:ASN 228|F:ASN 251|F:ASP 249|F:GLY 252|F:LEU 201|F:LYS 211|F:LYS 230|F:SER 206|F:SER 207|F:SER 229|F:SER 250|F:THR 213|F:THR 224|F:THR 226|F:THR 253|E:GLU 174|E:GLU 196|E:LYS 175|E:SER 192|E:SER 194
1fns,A,MYCSRLLDLVFLLDGSSRLSEAEFEVLKAFVVDMMERLRVSQKWVRVAVVEYHDGSHAYIGLKDRKRPSELRRIASQVKYAGSQVASTSEVLKYTLFQIFSKIDRPEASRIALLLMAS[Q][E][P][Q][R]M[S][R][N][F][V][R]YVQGLKKKKVIVIPVGIGPHA[N]L[K][Q]IR[L]IE[K]QAPENKAFVLSSVDELEQQRDEIVSYLCDLAPEAP,A:ARG 629|A:ARG 632|A:ARG 636|A:ASN 633|A:ASN 658|A:GLN 625|A:GLN 628|A:GLN 661|A:GLU 626|A:LEU 664|A:LYS 660|A:LYS 667|A:PHE 634|A:PRO 627|A:SER 631|A:VAL 635
1fpt,P,DNPA[S][T][T][N][K][D][K],P:ASN 100|P:ASP 102|P:LYS 101|P:LYS 103|P:SER 97|P:THR 98|P:THR 99
1frg,P,[D][V][P][D][Y][A][S][L],P:ALA 7|P:ASP 2|P:ASP 5|P:LEU 9|P:PRO 4|P:SER 8|P:TYR 6|P:VAL 3
1fsk,G|J|A|D,GVFNYETETTSVIPAARLFKAFILDGDNLFPKVAPQAISSV[E][N][I][E][G][N][G][G][P][G][T][I]KKISFPEGLPFKYVKD[R]V[D]EVD[H]TNFKYNYSV[I][E]GGPIGDTLE[K]ISNEIKIVATPDGGSILKISNKYHTKGDHEVKAEQVKASKEMGETLLRAVESYLLAHSDAYN|[G][V][F][N]YETETTSVIPAARLFKAFILDGDNLFPKVAPQAISSVENIEGNGGPGTIKKISFPEGLPFKYVKDRVDEVDHTNFKYNYSVIEGGPIGDTLEKISNEIKIVATPDGGSILKISNKYHTKG[D]HEVKAEQVKASKEMGETLLRAVESYLLAHSDAYN|GVFNYETETTSVIPAARLFKAFILDGDNLFP[K]VAPQAIS[S]VENIEGNGGPGTIKKISFPEGLPFKYVKDRVDEVDHTNFKYNYSVIEGGPIGDTLEKISNEIKIVATPDGGSILKISNKYHTKGDHEVKAEQVKASKEMGETLLRAVESYLLAHSDAYN|GVFNYETETTSVIPAARLFKAFILDGDNLFPKVAPQAISSVENIEGNGGPGTIKKISFPEGLPFKYVKDRVDEVDHTNFKYNYSVIEGGPIGDTLEKISNEIKIVATPDGGSILKISNKYHTKGDHEVKAEQVKASKEMGETLLRAVESYLLAHSDAYN,G:ARG 70|G:ASN 43|G:ASN 47|G:ASP 72|G:GLU 42|G:GLU 45|G:GLU 87|G:GLY 46|G:GLY 48|G:GLY 49|G:GLY 51|G:HIS 76|G:ILE 44|G:ILE 53|G:ILE 86|G:LYS 97|G:PRO 50|G:THR 52|J:ASN 4|J:ASP 125|J:GLY 1|J:PHE 3|J:VAL 2|A:LYS 32|A:SER 40|
1g7h,C,KVFGRCELAAAMKRHGL[D][N]Y[R][G][Y][S]L[G][N]WVCAAKFESNFNTQATNRNTDGSTDYGILQINSRWWCNDGRTPGSRNLCNIPCSALLSSDITASVNCAKKIVSD[G][N]GMNAWVAWRNRC[K][G][T][D][V][Q]AWI[R]GCRL,C:ARG 125|C:ARG 21|C:ASN 103|C:ASN 19|C:ASN 27|C:ASP 119|C:ASP 18|C:GLN 121|C:GLY 102|C:GLY 117|C:GLY 22|C:GLY 26|C:LYS 116|C:SER 24|C:THR 118|C:TYR 23|C:VAL 120
1g7i,C,KVFGRCELAAAM[K]RHGL[D][N]Y[R][G][Y][S]L[G][N]WVCAAKFESNFNTQATNRNTDGSTDYGILQINSRWWCNDGRTPGSRNLCNIPCSALLSSDITASVNCAKKIVSD[G][N]GMNAWVAW[R]NRC[K][G][T][D][V][Q]AWI[R]GCRL,C:ARG 112|C:ARG 125|C:ARG 21|C:ASN 103|C:ASN 19|C:ASN 27|C:ASP 119|C:ASP 18|C:GLN 121|C:GLY 102|C:GLY 117|C:GLY 22|C:GLY 26|C:LYS 116|C:LYS 13|C:SER 24|C:THR 118|C:TYR 23|C:VAL 120
1g7j,C,KVFGRCELAAAM[K]RHGL[D][N]Y[R][G][Y][S]L[G][N]WVCAAKFESNFNTQATNRNTDGSTDYGILQINSRWWCNDGRTPGSRNLCNIPCSALLSSDITASVNCAKKIVSD[G][N]GMNAWVAWRNRC[K][G][T][D][V][Q]AWI[R][G]CR[L],C:ARG 125|C:ARG 21|C:ASN 103|C:ASN 19|C:ASN 27|C:ASP 119|C:ASP 18|C:GLN 121|C:GLY 102|C:GLY 117|C:GLY 126|C:GLY 22|C:GLY 26|C:LEU 129|C:LYS 116|C:LYS 13|C:SER 24|C:THR 118|C:TYR 23|C:VAL 120
1g7l,C,KVFGRCELAAAM[K]RHGL[D][N]Y[R][G][Y][S]L[G][N]WVCAAKFESNFNTQATNRNTDGSTDYGILQINSRWWCNDGRTPGSRNLCNIPCSALLSSDITASVNCAKKIVSD[G]NGMNAWVAWRNRC[K][G][T][D][V][Q]AWI[R][G]CRL,C:ARG 125|C:ARG 21|C:ASN 19|C:ASN 27|C:ASP 119|C:ASP 18|C:GLN 121|C:GLY 102|C:GLY 117|C:GLY 126|C:GLY 22|C:GLY 26|C:LYS 116|C:LYS 13|C:SER 24|C:THR 118|C:TYR 23|C:VAL 120
1g7m,C,KVFGRCELAAAMKRHGL[D][N]Y[R][G][Y][S]L[G][N]WVCAAKFESNFNTQATNRNTDGSTDYGILQINSRWWCNDGRTPGSRNLCNIPCSALLSSDITASVNCAKKIVSD[G]NGMNAWVAWRNRC[K][G][T][D][V][Q]AWI[R]GCRL,C:ARG 125|C:ARG 21|C:ASN 19|C:ASN 27|C:ASP 119|C:ASP 18|C:GLN 121|C:GLY 102|C:GLY 117|C:GLY 22|C:GLY 26|C:LYS 116|C:SER 24|C:THR 118|C:TYR 23|C:VAL 120
1g9m,G,EVVLVNVTENFNMWKNDMVEQMHEDIISLWDQSLKP[C][V]K[L]TPLCVGAGSCNTS[V]I[T][Q]ACPKVSFEPIPIHYCAPAGFAILKCNNKTFNGTGPCTNVSTVQCTHGIRPVVSTQLLLNGSLAEEEVVIRSVNFTDNAKTIIVQLNTSVEINCTGAGHCNISRAKWNNTLKQIASKLREQFGNNKTIIFKQSSGGDPEIVTHSFNCGGEFFYCNSTQLFNSTWFNGSDTITLPC[R]I[K][Q][I]INMWQKVGKA[M]YA[P]PISGQIRCSSNITGLLLTRDGGNSNNESEIFRPGGGDMRDNWRSELYKYKVVKIE,G:ARG 419|G:CYS 119|G:GLN 203|G:GLN 422|G:ILE 423|G:LEU 122|G:LYS 421|G:MET 434|G:PRO 437|G:THR 202|G:VAL 120|G:VAL 200
1g9n,G,LENVTENFNMWKNNMVEQMHEDIISLWDQSLKP[C][V]K[L]TPLCVGAGSCNTS[V]I[T][Q][A][C]PKVSFEPIPIHYCAPAGFAILKCNDKKFNGTGPCTNVSTVQCTHGIRPVVSTQLLLNGSLAEEEIVIRSENFTNNAKTIIVQLNESVVINCTGAGHCNLSKTQWENTLEQIAIKLKEQFGNNKTIIFNPSSGGDPEIVTHSFNCGGEFFYCNSTQLFTWNDTRKLNNTGRNITLPC[R]I[K][Q][I]INMWQEVG[K]A[M]YA[P]PIRGQIRCSSNITGLLLTRDGGKDTNGTEIFRPGGGDMRDNWRSELYKYKVVKIE,G:ALA 204|G:ARG 419|G:CYS 119|G:CYS 205|G:GLN 203|G:GLN 422|G:ILE 423|G:LEU 122|G:LYS 421|G:LYS 432|G:MET 434|G:PRO 437|G:THR 202|G:VAL 120|G:VAL 200
1gc1,G,TENFNMWKNDMVEQMHEDIISLWDQSLKP[C]V[K]LTPLCVGAGSCNTS[V]I[T][Q][A][C]PKVSFEPIPIHYCAPAGFAILKCNNKTFNGTGPCTNVSTVQCTHGIRPVVSTQLLLNGSLAEEEVVIRSVNFTDNAKTIIVQLNTSVEINCTGAGHCNISRAKWNNTLKQIASKLREQFGNNKTIIFKQSSGGDPEIVTHSFNCGGEFFYCNSTQLFNSTWFGSDTITLPC[R]I[K][Q][I]INMWQKVG[K]A[M]YA[P]PISGQIRCSSNITGLLLTRDGGNSNNESEIFRPGGGDMRDNWRSELYKYKVVKIE,G:ALA 204|G:ARG 419|G:CYS 119|G:CYS 205|G:GLN 203|G:GLN 422|G:ILE 423|G:LYS 121|G:LYS 421|G:LYS 432|G:MET 434|G:PRO 437|G:THR 202|G:VAL 200
1ggi,P|Q,C[K][R][I][H][I][G][P]G|CKRIHIGPG,P:ARG 313|P:GLY 319|P:HIS 315|P:ILE 314|P:ILE 316|P:LYS 312|P:PRO 320|
1h0d,C,DNSRYTHFLTQHYDAKPQGRDDRYCESIMRRR[G][L][T][S][P][C][K][D]INTFIHGNKRSIKAICENKNGNPHRENLRISKSSFQVTTCKLH[G][G][S][P][W][P][P]C[Q]YRATAGFRNVVVACENGLPVHLDQSIFRRP,C:ASP 41|C:CYS 39|C:GLN 93|C:GLY 34|C:GLY 85|C:GLY 86|C:LEU 35|C:LYS 40|C:PRO 38|C:PRO 88|C:PRO 90|C:PRO 91|C:SER 37|C:SER 87|C:THR 36|C:TRP 89
1hez,E|E,EVTIKVNLIFADGKIQTAEFKGT[F][E]EA[T][A]EA[Y][R]YA[D]LLAKVNGE[Y][T][A][D][L][E]D[G][G]NHMNIKFA|EVTIKVNLIFADGKIQTAEFKGT[F][E]EA[T][A]EA[Y][R]YA[D]LLAKVNGE[Y][T][A][D][L][E]D[G][G]NHMNIKFA,E:ALA 848|E:ALA 866|E:ARG 852|E:ASP 855|E:ASP 867|E:GLU 844|E:GLU 869|E:GLY 871|E:GLY 872|E:LEU 868|E:PHE 843|E:THR 847|E:THR 865|E:TYR 851|E:TYR 864|E:ALA 848|E:ALA 866|E:ARG 852|E:ASP 855|E:ASP 867|E:GLU 844|E:GLU 869|E:GLY 871|E:GLY 872|E:LEU 868|E:PHE 843|E:THR 847|E:THR 865|E:TYR 851|E:TYR 864
1hh6,C,[D][A][T][P][E][D][L][G][A][R][L],C:ALA 2|C:ALA 9|C:ARG 10|C:ASP 1|C:ASP 6|C:GLU 5|C:GLY 8|C:LEU 11|C:LEU 7|C:PRO 4|C:THR 3
1hh9,C,[D][A][T][P][E][D][L][N][A][K][L],C:ALA 2|C:ALA 9|C:ASN 8|C:ASP 1|C:ASP 6|C:GLU 5|C:LEU 11|C:LEU 7|C:LYS 10|C:PRO 4|C:THR 3
1hi6,C,[D][A][T][P][E][W][L][G][A][R][L],C:ALA 2|C:ALA 9|C:ARG 10|C:ASP 1|C:GLU 5|C:GLY 8|C:LEU 11|C:LEU 7|C:PRO 4|C:THR 3|C:TRP 6
1him,P|R,[Y][D][V][P][D][Y][A][S]|YDVPDYASL,P:ALA 106|P:ASP 101|P:ASP 104|P:PRO 103|P:SER 107|P:TYR 100|P:TYR 105|P:VAL 102|
1hin,P,[Y][D][V][P][D][Y][A][S],P:ALA 106|P:ASP 101|P:ASP 104|P:PRO 103|P:SER 107|P:TYR 100|P:TYR 105|P:VAL 102
1hys,B,PISPIETVPVKLKPGMDGPKVKQWPLTEEKIKALVEICTEMEKEGKISKIGPENPYNTPVFAIKKKDSTKWRKLVDFRELNKRTQDFWEVQLGIPHPAGLKKKKSVTVLDVGDAYFSVPLDEDFRKYTAFTIPSINNETPGIRYQYNVLPQGWKGSPAIFQSSMTKILEPFKKQNPDIVIYQYMDDLYVGSDLEI[G]QH[R]TKIEELRQHLLRWGLTTPDKKHQ[K][E][P][P][F]L[W][M][G]YELHPDKWTVQPIVLPEKDSWTVNDIQKLVGKLNWASQIYPGIKVRQLSKLLRGTKALTEVIPLTEEAELELAENREILKEPVHGVYYDPSKDLIAEIQKQGQGQWTYQIYQEPFKNLKTGKYARMRGAHTNDVKQLTEAVQKITTESIVIWGKTPKFKLPIQKETWETWWTEYWQATWIPEWEFVNTPPLVKL,B:ARG 199|B:GLU 224|B:GLY 196|B:GLY 231|B:LYS 223|B:MET 230|B:PHE 227|B:PRO 225|B:PRO 226|B:TRP 229
1i8i,C,[K][G]N[Y][V][V][T][D]H,C:ASP 509|C:GLY 503|C:LYS 502|C:THR 508|C:TYR 505|C:VAL 506|C:VAL 507
1i8k,C,[K][K][G][N][Y][V][V][T][D]H,C:ASN 504|C:ASP 509|C:GLY 503|C:LYS 501|C:LYS 502|C:THR 508|C:TYR 505|C:VAL 506|C:VAL 507
1i8m,D|T,|,D:DT 2|D:DT 3|T:DT 4|T:DT 5
1i9r,B|C|A,NPQIAAHVIS[E][A][S][S]KTTSVLQW[A][E][K][G]Y[Y]TMSNNLVTLENGKQLTVKRQGLYYIYAQVTF[C][S]NREASSQAPFIASLCLKSPGRFERILLRAANTHSSAK[P][C]GQQSIHLGGVFELQPGASVFVNVTDP[S][Q][V][S][H][G][T]GFTSFGLLKL|NPQIAAHVISEASSKTTSVLQWAEKGYYTMSNNLVTLENGKQLTVKRQGLYYIYAQVTFCSNREASSQAPFIASLCLKSPGRFERILLRAANTHSSAKPCGQQSIHLGGVFELQPGASVFVNVTDPSQVSHGTGFTSFGLLKL|NPQIAAHVISEASSKTTSVLQWAEKGYYTMSNNLVTLENGKQLTVKRQGLYYIYAQVTFCSNREASSQAPFIASLCLKSPGRFERILLRAANTHSSAKPCGQQSIHLGGVFELQPGASVFVNVTDPSQVSHGTGFTSFGLLKL,B:ALA 130|B:ALA 141|B:CYS 178|B:CYS 218|B:GLN 246|B:GLU 129|B:GLU 142|B:GLY 144|B:GLY 250|B:HIS 249|B:LYS 143|B:PRO 217|B:SER 131|B:SER 132|B:SER 179|B:SER 245|B:SER 248|B:THR 251|B:TYR 146|B:VAL 247||
1ic4,Y,KVFGRCELAAAMK[R][H][G]L[D][N][Y][R]GYSLGNWVCAAKFESNFNTQATNRNTDGSTDYGILQINSR[W][W]CNDGRTPGS[R]N[L]C[N]IPCSALLSSDI[T]ASV[N]CA[K][K][I][V][S][D][G][N][G]MNAWVAWRNRCKGTDVQAWIRGCRL,Y:ARG 14|Y:ARG 21|Y:ARG 73|Y:ASN 103|Y:ASN 19|Y:ASN 77|Y:ASN 93|Y:ASP 101|Y:ASP 18|Y:GLY 102|Y:GLY 104|Y:GLY 16|Y:HIS 15|Y:ILE 98|Y:LEU 75|Y:LYS 96|Y:LYS 97|Y:SER 100|Y:THR 89|Y:TRP 62|Y:TRP 63|Y:TYR 20|Y:VAL 99
1ic5,Y,KVFGRCELAAAMK[R][H][G]LD[N][Y][R][G]YSLGNWVCAAKFESNFNTQATNRNTDGSTDYGILQINSR[W][W]CNDGRTPGS[R]N[L]CNIPCSALLSSDI[T]ASV[N]CA[K][K]I[V][S][D][G][N]GMNAWVAWRNRCKGTDVQAWIRGCRL,Y:ARG 14|Y:ARG 21|Y:ARG 73|Y:ASN 103|Y:ASN 19|Y:ASN 93|Y:ASP 101|Y:GLY 102|Y:GLY 16|Y:GLY 22|Y:HIS 15|Y:LEU 75|Y:LYS 96|Y:LYS 97|Y:SER 100|Y:THR 89|Y:TRP 62|Y:TRP 63|Y:TYR 20|Y:VAL 99
1ic7,Y,KVFGRCELAAAMK[R][H][G]L[D][N][Y][R][G]YSLGNWVCAAKFESNFNTQATNRNTDGSTDYGILQINSR[W][W]CNDGRTPGS[R]N[L]CNIPCSALLSSDI[T]ASV[N]CA[K][K]I[V][S][D][G][N]GMNAWVAWRNRCKGTDVQAWIRGCRL,Y:ARG 14|Y:ARG 21|Y:ARG 73|Y:ASN 103|Y:ASN 19|Y:ASN 93|Y:ASP 101|Y:ASP 18|Y:GLY 102|Y:GLY 16|Y:GLY 22|Y:HIS 15|Y:LEU 75|Y:LYS 96|Y:LYS 97|Y:SER 100|Y:THR 89|Y:TRP 62|Y:TRP 63|Y:TYR 20|Y:VAL 99
1ifh,P,[D][V][P][D][Y][A][S],P:ALA 106|P:ASP 101|P:ASP 104|P:PRO 103|P:SER 107|P:TYR 105|P:VAL 102
1ikf,C,[V]A,C:VAL 509
1iqd,C,CSMPLGMESKAISDAQITASSY[F][T][N][M][F]AT[W]SPSKARLHLQG[R]SNAW[R]P[Q][V][N]NPKEWLQVDFQKTMKVTGVTTQGVK[S][L][L][T][S][M]YVKEFLISSSQDGHQWTLFFQNGKVKVFQGNQDSFTPVVNCLDPPLLTRYLRIHPQS[W]V[H][Q]IALRMEVLGCEAQ,C:ARG 2215|C:ARG 2220|C:ASN 2198|C:ASN 2224|C:GLN 2222|C:GLN 2316|C:HIS 2315|C:LEU 2251|C:LEU 2252|C:MET 2199|C:MET 2255|C:PHE 2196|C:PHE 2200|C:SER 2250|C:SER 2254|C:THR 2197|C:THR 2253|C:TRP 2203|C:TRP 2313|C:VAL 2223
1j1o,Y,KVFGRCELAAAMK[R][H][G]LD[N][Y][R][G]YSLGNWVCAAKFESNFNTQATNRNTDGSTDYGILQINSR[W][W]CNDGRTPGS[R][N][L]C[N]IPCSALLSSDI[T]ASV[N]CA[K][K]I[V][S][D][G][N]GMNAWVAWRNRCKGTDVQAWIRGCRL,Y:ARG 14|Y:ARG 21|Y:ARG 73|Y:ASN 103|Y:ASN 19|Y:ASN 74|Y:ASN 77|Y:ASN 93|Y:ASP 101|Y:GLY 102|Y:GLY 16|Y:GLY 22|Y:HIS 15|Y:LEU 75|Y:LYS 96|Y:LYS 97|Y:SER 100|Y:THR 89|Y:TRP 62|Y:TRP 63|Y:TYR 20|Y:VAL 99
1j1p,Y,KVFGRCELAAAMK[R][H][G]L[D][N][Y][R][G]YSLGNWVCAAKFESNFNTQATNRNTDGSTDYGILQINSR[W][W]CNDGRTPGS[R][N][L]C[N]IPCSALLSSDI[T]ASV[N]CA[K][K]I[V][S][D][G][N]GMNAWVAWRNRCKGTDVQAWIRGCRL,Y:ARG 14|Y:ARG 21|Y:ARG 73|Y:ASN 103|Y:ASN 19|Y:ASN 74|Y:ASN 77|Y:ASN 93|Y:ASP 101|Y:ASP 18|Y:GLY 102|Y:GLY 16|Y:GLY 22|Y:HIS 15|Y:LEU 75|Y:LYS 96|Y:LYS 97|Y:SER 100|Y:THR 89|Y:TRP 62|Y:TRP 63|Y:TYR 20|Y:VAL 99
1j1x,Y,KVFGRCELAAAMK[R][H][G]LD[N][Y][R][G]YSLGNWVCAAKFESNFNTQATNRNTDGSTDYGILQINSR[W][W]CNDGRTPGS[R][N][L]C[N]IPCSALLSSDI[T]ASV[N]CA[K][K]I[V][S][D][G][N]GMNAWVAWRNRCKGTDVQAWIRGCRL,Y:ARG 14|Y:ARG 21|Y:ARG 73|Y:ASN 103|Y:ASN 19|Y:ASN 74|Y:ASN 77|Y:ASN 93|Y:ASP 101|Y:GLY 102|Y:GLY 16|Y:GLY 22|Y:HIS 15|Y:LEU 75|Y:LYS 96|Y:LYS 97|Y:SER 100|Y:THR 89|Y:TRP 62|Y:TRP 63|Y:TYR 20|Y:VAL 99
