Therapeutic,Target,HeavySequence,LightSequence,rep_struct_pdb_id,rep_struct_pdb_chains
Abazistobart,PDCD1/CD279/PD1,EVKLVESGGGLVQPGGSLRLSCAASGFAFSSYDMSWVRQAPGKRLEWVATISGGGRYTYYPDTVKGRFTISRDNAKNSHYLQMNSLRAEDTAVYFCASPYGGYFDVWGQGTLVTVSS,EIVLTQSPATLSLSPGERATLSCRASQSISNFLHWYQQKPGQAPRLLIKYASQSISGIPARFSGSGSGTDFTLTISSLEPEDFAVYFCQQSNSWPHTFGQGTKVEIK,7vux,HL
Abciximab,ITGA2B/CD41,EVQLQQSGTVLARPGASVKMSCEASGYTFTNYWMHWVKQRPGQGLEWIGAIYPGNSDTSYIQKFKGKAKLTAVTSTTSVYMELSSLTNEDSAVYYCTLYDGYYVFAYWGQGTLVTVSA,EIVLTQSPVTLSVTPGDSVSLSCRASRDISNNLHWFQQTSHESPRLLIKYASQSMSGIPSRFSGSGSGTDFTLSINSVETEDFGMYFCQQTNSWPYTFGGGTKLEIK,6v4p,CD
Abelacimab,F11,QVQLLESGGGLVQPGGSLRLSCAASGFTFSTAAMSWVRQAPGKGLEWVSGISGSGSSTYYADSVKGRFTISRDNSKNTLYLQMNSLRAEDTAVYYCARELSYLYSGYYFDYWGQGTLVTVSS,QSVLTQPPSASGTPGQRVTISCSGSSSNIGSNDVSWYQQLPGTAPKLLIYKNYNRPSGVPDRFSGSKSGTSASLAISGLQSEDEADYYCSAWDQRQFDVVFGGGTKLTVL,6r8x,CB
Acimtamig,FCGR3A/CD16/CD16A;TNFRSF8/CD30,QVQLVQSGAEVKKPGESLKVSCKASGYTFTSYYMHWVRQAPGQGLEWMGIINPSGGSTSYAQKFQGRVTMTRDTSTSTVYMELSSLRSEDTAVYYCARGSAYYYDFADYWGQGTLVTVSS,SYVLTQPSSVSVAPGQTATISCGGHNIGSKNVHWYQQRPGQSPVLVIYQDNKRPSGIPERFSGSNSGNTATLTISGTQAMDEADYYCQVWDNYSVLFGGGTKLTVL,7seg,AB
Adalimumab,TNF/TNFA,EVQLVESGGGLVQPGRSLRLSCAASGFTFDDYAMHWVRQAPGKGLEWVSAITWNSGHIDYADSVEGRFTISRDNAKNSLYLQMNSLRAEDTAVYYCAKVSYLSTASSLDYWGQGTLVTVSS,DIQMTQSPSSLSASVGDRVTITCRASQGIRNYLAWYQQKPGKAPKLLIYAASTLQSGVPSRFSGSGSGTDFTLTISSLQPEDVATYYCQRYNRAPYTFGQGTKVEIK,6cr1,HL
Adintrevimab,SARS-CoV-2 Spike,EVQLVESGGGLVKPGGSLRLSCAASGFTFSSYYMNWVRQAPGKGLEWVSSISEDGYSTYYPDSLKGRFTISRDSAKNSLYLQMNSLRADDTAVYYCARDFSGHTAWAGTGFEYWGQGTLVTVSS,QSVLTQPPSVSGAPGQRITISCTGSSSNIGAGYDVHWYQQLPGTAPKLLIYGSSSRNSGVPDRFSGSKSGTSASLAITGLQAEDEADYYCQSYDSSLSVLYTFGTGTKVTVL,7u2d,HL
Aducanumab,APP,QVQLVESGGGVVQPGRSLRLSCAASGFAFSSYGMHWVRQAPGKGLEWVAVIWFDGTKKYYTDSVKGRFTISRDNSKNTLYLQMNTLRAEDTAVYYCARDRGIGARRGPYYMDVWGKGTTVTVSS,DIQMTQSPSSLSASVGDRVTITCRASQSISSYLNWYQQKPGKAPKLLIYAASSLQSGVPSRFSGSGSGTDFTLTISSLQPEDFATYYCQQSYSTPLTFGGGTKVEIK,6cnr,HL
Afasevikumab,IL17A,EVQLVESGGGLVQPGRSLRLSCAASGFTFDDYAMHWVRQAPGKGLEWVSGINWSSGGIGYADSVKGRFTISRDNAKNSLYLQMNSLRAEDTALYYCARDIGGFGEFYWNFGLWGRGTLVTVSS,EIVLTQSPATLSLSPGERATLSCRASQSVRSYLAWYQQKPGQAPRLLIYDASNRATGIPARFSGSGSGTDFTLTISSLEPEDFAVYYCQQRSNWPPATFGGGTKVEIK,6ppg,HL
Alemtuzumab,CD52,QVQLQESGPGLVRPSQTLSLTCTVSGFTFTDFYMNWVRQPPGRGLEWIGFIRDKAKGYTTEYNPSVKGRVTMLVDTSKNQFSLRLSSVTAADTAVYYCAREGHTAAPFDYWGQGSLVTVSS,DIQMTQSPSSLSASVGDRVTITCKASQNIDKYLNWYQQKPGKAPKLLIYNTNNLQTGVPSRFSGSGSGTDFTFTISSLQPEDIATYYCLQHISRPRTFGQGTKVEIK,1bey,HL
Alomfilimab,ICOS/CD278,EVQLVESGGGVVRPGGSLRLSCVASGVTFDDYGMSWVRQAPGKGLEWVSGINWNGGDTDYSDSVKGRFTISRDNAKNSLYLQMNSLRAEDTALYYCARDFYGSGSYYHVPFDYWGQGILVTVSS,EIVLTQSPGTLSLSPGERATLSCRASQSVSRSYLAWYQQKRGQAPRLLIYGASSRATGIPDRFSGDGSGTDFTLSISRLEPEDFAVYYCHQYDMSPFTFGPGTKVDIK,7joo,HL
Amatuximab,MSLN,QVQLQQSGPELEKPGASVKISCKASGYSFTGYTMNWVKQSHGKSLEWIGLITPYNGASSYNQKFRGKATLTVDKSSSTAYMDLLSLTSEDSAVYFCARGGYDGRGFDYWGSGTPVTVSS,DIELTQSPAIMSASPGEKVTMTCSASSSVSYMHWYQQKSGTSPKRWIYDTSKLASGVPGRFSGSGSGNSYSLTISSVEAEDDATYYCQQWSKHPLTFGSGTKVEIK,7ued,HL
Amivantamab,EGFR/ERBB1/HER1;MET/HGFR,QVQLVESGGGVVQPGRSLRLSCAASGFTFSTYGMHWVRQAPGKGLEWVAVIWDDGSYKYYGDSVKGRFTISRDNSKNTLYLQMNSLRAEDTAVYYCARDGITMVRGVMKDYFDYWGQGTLVTVSS,AIQLTQSPSSLSASVGDRVTITCRASQDISSALVWYQQKPGKAPKLLIYDASSLESGVPSRFSGSESGTDFTLTISSLQPEDFATYYCQQFNSYPLTFGGGTKVEIK,6wvz,HL
Amlenetug,SNCA/PARK1/PARK4,EVQLLESGGGLVQTGGSLRLSCAASGFTFSSYAMTWVRQAPGKGLEWVSAIRSQGDRTDYADSVKGRFTISRDNSQNTLYLQMNSLRAEDTAVYYCAKNWAPFDSWGQGTLVTVSS,EIVLTQSPGTLSLSPGERATLSCRASQSVSSSYLAWYQQKPGQAPRLLIYGASSRATGIPDRFSGSGSGTDFTLTISRLEPEDFAVYYCQQYGSSPWTFGQGTKVEIK,8b9v,HL
Amubarvimab,SARS-CoV-2 Spike RBD,EVQLVESGGGLVQPGGSLRLSCAASGITVSSNYMNWVRQAPGKGLEWVSLIYSGGSTYYADSVKGRFTISRDNSKNTLYLQMNSLRAEDTAVYHCARDLVVYGMDVWGQGTTVTVSS,EIVLTQSPGTLSLSPGERATLSCRASQSVSSSYLAWYQQKPGQAPRLLIYGASSRATGIPDRFSGSGSGTDFTLTISRLEPEDFAVYYCQQYGSSPTFGQGTKLEIK,7cdi,HL
Amulirafusp,MS4A1/CD20,QVQLQQPGAELVKPGASVKMSCKASGYTFTSYNMHWVKQTPGRGLEWIGAIYPGNGDTSYNQKFKGKATLTADKSSSTAYMQLSSLTSEDSAVYYCARSTYYGGDWYFNVWGAGTTVTVSA,QIVLSQSPAILSASPGEKVTMTCRASSSVSYIHWFQQKPGSSPKPWIYATSNLASGVPVRFSGSGSGTSYSLTISRVEAEDAATYYCQQWTSNPPTFGGGTKHELK,4kaq,HL
Anbenitamab,ERBB2/CD340/HER2 (Domain II);ERBB2/CD340/HER2 (Domain IV),EVQLVESGGGLVQPGGSLRLSCAASGFTFTDYTMDWVRQAPGKGLEWVADVNPNSGGSIYNQRFKGRFTLSVDRSKNTLYLQMNSLRAEDTAVYYCARNLGPSFYFDYWGQGTLVTVSS,DIQMTQSPSSLSASVGDRVTITCRASQDVNTAVAWYQQKPGKAPKLLIYSASFLYSGVPSRFSGSRSGTDFTLTISSLQPEDFATYYCQQHYTTPPTFGQGTKVEIK,6bi0,HL
Andecaliximab,MMP9/GELB,QVQLQESGPGLVKPSETLSLTCTVSGFSLLSYGVHWVRQPPGKGLEWLGVIWTGGTTNYNSALMSRFTISKDDSKNTVYLKMNSLKTEDTAIYYCARYYYGMDYWGQGTLVTVSS,DIQMTQSPSSLSASVGDRVTITCKASQDVRNTVAWYQQKPGKAPKLLIYSSSYRNTGVPDRFSGSGSGTDFTLTISSLQAEDVAVYYCQQHYITPYTFGGGTKVEIK,5th9,HL
Anetumab,MSLN,QVELVQSGAEVKKPGESLKISCKGSGYSFTSYWIGWVRQAPGKGLEWMGIIDPGDSRTRYSPSFQGQVTISADKSISTAYLQWSSLKASDTAMYYCARGQLYGGTYMDGWGQGTLVTVSS,DIALTQPASVSGSPGQSITISCTGTSSDIGGYNSVSWYQQHPGKAPKLMIYGVNNRPSGVSNRFSGSKSGNTASLTISGLQAEDEADYYCSSYDIESATPVFGGGTKLTVL,8cz8,AA
Anifrolumab,IFNAR1,EVQLVQSGAEVKKPGESLKISCKGSGYIFTNYWIAWVRQMPGKGLESMGIIYPGDSDIRYSPSFQGQVTISADKSITTAYLQWSSLKASDTAMYYCARHDIEGFDYWGRGTLVTVSS,EIVLTQSPGTLSLSPGERATLSCRASQSVSSSFFAWYQQKPGQAPRLLIYGASSRATGIPDRLSGSGSGTDFTLTITRLEPEDFAVYYCQQYDSSAITFGQGTRLEIK,4qxg,HL
Anivovetmab,Minor Capsid VP2 (Canine),QVQLKESGPGLVAPSQTLSLTCTVSGFSLSSYHVHWVRQPPGKGLEWLGVMWNDGDTSYNLALNSRLSISRDTSKSQVFFKMSSLQTEDTATYYCARPELPGLTYGVWFPYWGQGTLVTVSA,DIVMTQTPASMSISVGDRVTMNCKASQNVDSNVDWYQQKTGQSPNLLIYKASNRNTGVPDRFTGSGSGTDFTFTISNMQAEDLAVYYCMQSTSYPLTFGSGTKLEIK,3iy6,BA
Ansuvimab,Zaire Ebolavirus Glycoprotein,EVQLVESGGGLIQPGGSLRLSCAASGFALRMYDMHWVRQTIDKRLEWVSAVGPSGDTTYADSVKGRFAVSRENAKNSLSLQMNSLTAGDTAIYYCVRSDRGVAGLFDSWGQGILVTVSS,DIQMTQSPSSLSASVGDRITITCRASQAFDNYVAWYQQRPGKVPKLLISAASALHAGVPSRFSGSGSGTHFTLTISSLQPEDVATYYCQNYNSAPLTFGGGTKVEIK,5fha,HL
Anvatabart,ERBB2/CD340/HER2,EVQLVESGGGLVQPGGSLRLSCAASGFNIKDTYIHWVRQAPGKGLEWVARIYPTNGYTRYADSVKGRFTISADTSKNTAYLQMNSLRAEDTAVYYCSRWGGDGFYAMDYWGQGTLVTVSS,DIQMTQSPSSLSASVGDRVTITCRASQDVNTAVAWYQQKPGKAPKLLIYSASFLYSGVPSRFSGSRSGTDFTLTISSLQPEDFATYYCQQHYTTPPTFGQGTKVEIK,6bi0,HL
Anzurstobart,SIRPA,QVQLVQSGAEVKKPGASVKVSCKASGYTFRGYGISWVRQAPGQGLEWMGWISAYGGETNYAQKLQGRVTMTTDTSTSTAYMELRSLRSDDTAVYYCAREAGSSWYDFDLWGRGTLVTVSS,DIQMTQSPSSVSASVGDRVTITCRASQGISSWLAWYQQKPGKAPKLLIYAASNLQSGVPSRFSGSGSGTDFTLTISSLQPEDFATYYCQQGASFPITFGGGTKVEIK,7st5,HL
Apitegromab,pro-MSTN/GDF8/GDF-8/pro-GDF8,QVQLVESGGGVVQPGRSLRLSCAASGFTFSSYGMHWVRQAPGKGLEWVAVISYDGSNKYYADSVKGRFTISRDNSKNTLYLQMNSLRAEDTAVYYCARDLLVRFLEWSHYYGMDVWGQGTTVTVSS,QSVLTQPPSASGTPGQRVTISCSGSSSNIGSNTVHWYQQLPGTAPKLLIYSDNQRPSGVPDRFSGSKSGTSASLAISGLQSEDEADYYCAAWDDSLNGVFGGGTKLTVL,6umx,HL
Arcitumomab,CEA/CEACAM,EVKLVESGGGLVQPGGSLRLSCATSGFTFTDYYMNWVRQPPGKALEWLGFIGNKANGYTTEYSASVKGRFTISRDKSQSILYLQMNTLRAEDSATYYCTRDRGLRFYFDYWGQGTTLTVSS,QTVLSQSPAILSASPGEKVTMTCRASSSVTYIHWYQQKPGSSPKSWIYATSNLASGVPARFSGSGSGTSYSLTISRVEAEDAATYYCQHWSSKPPTFGGGTKLEIK,1clo,HL
Arumakimig,IL18;IL1B,EVQLVQSGAEVKKPGSSVKVSCKASGGTFKSYAISWVRQAPGQGLEWMGNIIPMTGQTYYAQKFQGRVTITADESTSTAYMELSSLRSEDTAVYYCARAAYHPLVFDNWGQGTLVTVSS,DIVLTQPPSVSGAPGQRVTISCSGSSSNIGNHYVNWYQQLPGTAPKLLIYRNNHRPSGVPDRFSGSKSGTSASLAITGLQSEDEADYYCQSWDYSGFSTVFGGGTKLTVL,5bvj,HG
Atezolizumab,PDL1/CD274,EVQLVESGGGLVQPGGSLRLSCAASGFTFSDSWIHWVRQAPGKGLEWVAWISPYGGSTYYADSVKGRFTISADTSKNTAYLQMNSLRAEDTAVYYCARRHWPGGFDYWGQGTLVTVSS,DIQMTQSPSSLSASVGDRVTITCRASQDVSTAVAWYQQKPGKAPKLLIYSASFLYSGVPSRFSGSGSGTDFTLTISSLQPEDFATYYCQQYLYHPATFGQGTKVEIK,5x8l,FK
Atisnolerbart,Bet v 1,QVQLVQSGAEVKKPGASVKVSCKASGYTFISYNIFWVRQATGQGLDWMGWMNPFRNNAGYAQKFQGRVTVTWDTSISTAYMELSSLSSEDTAIYYCAREHGSSWGFFDYWGQGTLVTVSS,EIVLTQSPGTLSLSPGERATLSCRASQSVSSSYLAWYQQKPGQAPRLLIYGASSRATGIPDRFSGSGSGTDFTLTISRLEPEDFAVYYCQQYGSSPWTFGQGTKVEIK,7mxl,JK
Atoltivimab,Zaire Ebolavirus Glycoprotein,QVQLVESGGGVVQPGRSLRLSCAASGFTFNNYGMHWVRQAPGMGLEWVAVIWHDGSDKYYADSVKGRFTISRDNSKNTLYLQMNSLRAEDTAVYYCARNWNLFDYWGQGTLVTVSS,DIQMTQSPSSLSASVGDRITITCRASQSISTYLHWYQQKPGKAPKLLIYAASTLQSGVPSRFSGSGSGTDFTLTISSLQPEDFATYYCQQSFSTPPINFGQGTKLEIK,7tn9,GH
Avelumab,PDL1/CD274,EVQLLESGGGLVQPGGSLRLSCAASGFTFSSYIMMWVRQAPGKGLEWVSSIYPSGGITFYADTVKGRFTISRDNSKNTLYLQMNSLRAEDTAVYYCARIKLGTVTTVDYWGQGTLVTVSS,QSALTQPASVSGSPGQSITISCTGTSSDVGGYNYVSWYQQHPGKAPKLMIYDVSNRPSGVSNRFSGSKSGNTASLTISGLQAEDEADYYCSSYTSSSTRVFGTGTKVTVL,4nki,HL
Azerutamig,KLRK1/NKG2D/CD314;ERBB2/CD340/HER2,EVQLVESGGGLVKPGGSLRLSCAASGFTFSSYSMNWVRQAPGKGLEWVSSISSSSSYIYYADSVKGRFTISRDNAKNSLYLQMNSLRAEDTAVYYCARGAPMGAAAGWFDPWGQGTVLTVSS,DIQMTQSPSSVSASVGDRVTITCRASQGISSWLAWYQQKPGKAPKLLIYAASSLQSGVPSRFSGSGSGTDFTLTISSLQPEDFATYYCQQGVSFPRTFGGGTKVEIK,6bi0,HL
Bafisontamab,EGFR/ERBB1/HER1;MET/HGFR,QVQLQESGPGLVKPSETLSLTCTVSGGSVSSGDYYWTWIRQSPGKGLEWIGHIYYSGNTNYNPSLKSRLTISIDTSKTQFSLKLSSVTAADTAIYYCVRDRVTGAFDIWGQGTMVTVSS,DIQMTQSPSSLSASVGDRVTITCQASQDISNYLNWYQQKPGKAPKLLIYDASNLETGVPSRFSGSGSGTDFTFTISSLQPEDIATYFCQHFDHLPLAFGGGTKVEIK,5sx4,HL
Bamlanivimab,SARS-CoV-2 Spike,QVQLVQSGAEVKKPGSSVKVSCKASGGTFSNYAISWVRQAPGQGLEWMGRIIPILGIANYAQKFQGRVTITADKSTSTAYMELSSLRSEDTAVYYCARGYYEARHYYYYYAMDVWGQGTAVTVSS,DIQMTQSPSSLSASVGDRVTITCRASQSISSYLSWYQQKPGKAPKLLIYAASSLQSGVPSRFSGSGSGTDFTLTITSLQPEDFATYYCQQSYSTPRTFGQGTKVEIK,7l3n,DE
Bapineuzumab,APP,EVQLLESGGGLVQPGGSLRLSCAASGFTFSNYGMSWVRQAPGKGLEWVASIRSGGGRTYYSDNVKGRFTISRDNSKNTLYLQMNSLRAEDTAVYYCVRYDHYSGSSDYWGQGTLVTVSS,DVVMTQSPLSLPVTPGEPASISCKSSQSLLDSDGKTYLNWLLQKPGQSPQRLIYLVSKLDSGVPDRFSGSGSGTDFTLKISRVEAEDVGVYYCWQGTHFPRTFGQGTKVEIK,4ojf,HL
Barecetamab,ERBB3/HER3,EVQLLESGGGLVQPGGSLRLSCAASGFTFSDYDMSWVRQAPGKGLEWVSTIDLDSGSIYYADSVQGRFTISRDNSKNTLYLQMNSLRAEDTAVYYCAKDLHMGPEGPFDYWGQGTLVTVSS,QSVLTQPPSASGTPGQRVTISCSGSSSNIGSNSVSWYQQLPGTAPKLLIYSDNHRPSGVPDRFSGSKSGTSASLAISGLRSEDEADYYCQGWDTSLSGHVFGGGTKLTVL,7d85,BC
Basiliximab,IL2RA/CD25,QVQLQQSGTVLARPGASVKMSCKASGYSFTRYWMHWIKQRPGQGLEWIGAIYPGNSDTSYNQKFEGKAKLTAVTSASTAYMELSSLTHEDSAVYYCSRDYGYYFDFWGQGTTLTVSS,QIVSTQSPAIMSASPGEKVTMTCSASSSRSYMQWYQQKPGTSPKRWIYDTSKLASGVPARFSGSGSGTSYSLTISSMEAEDAATYYCHQRSSYTFGGGTKLEIK,1mim,HL
Bebtelovimab,SARS-CoV-2 Spike RBD,QITLKESGPTLVKPTQTLTLTCTFSGFSLSISGVGVGWLRQPPGKALEWLALIYWDDDKRYSPSLKSRLTISKDTSKNQVVLKMTNIDPVDTATYYCAHHSISTIFDHWGQGTLVTVSS,QSALTQPASVSGSPGQSITISCTATSSDVGDYNYVSWYQQHPGKAPKLMIFEVSDRPSGISNRFSGSKSGNTASLTISGLQAEDEADYYCSSYTTSSAVFGGGTKLTVL,7mmo,AB
Belimumab,TNFSF13B/CD257/BAFF,QVQLQQSGAEVKKPGSSVRVSCKASGGTFNNNAINWVRQAPGQGLEWMGGIIPMFGTAKYSQNFQGRVAITADESTGTASMELSSLRSEDTAVYYCARSRDLLLFPHHALSPWGRGTMVTVSS,SSELTQDPAVSVALGQTVRVTCQGDSLRSYYASWYQQKPGQAPVLVIYGKNNRPSGIPDRFSGSSSGNTASLTITGAQAEDEADYYCSSRDSSGNHWVFGGGTELTVL,5y9k,HL
Beludavimab,SARS-CoV-2 Spike RBD,QVQLVQSGAEVKKPGASVKVSCKASGYPFTSYGISWVRQAPGQGLEWMGWISTYQGNTNYAQKFQGRVTMTTDTSTTTGYMELRRLRSDDTAVYYCARDYTRGAWFGESLIGGFDNWGQGTLVTVSS,EIVLTQSPGTLSLSPGERATLSCRASQTVSSTSLAWYQQKPGQAPRLLIYGASSRATGIPDRFSGSGSGTDFTLTISRLEPEDFAVYYCQQHDTSLTFGGGTKVEIK,7jx3,AB
Bemarituzumab,FGFR2/CD332,QVQLVQSGAEVKKPGSSVKVSCKASGYIFTTYNVHWVRQAPGQGLEWIGSIYPDNGDTSYNQNFKGRATITADKSTSTAYMELSSLRSEDTAVYYCARGDFAYWGQGTLVTVSS,DIQMTQSPSSLSASVGDRVTITCKASQGVSNDVAWYQQKPGKAPKLLIYSASYRYTGVPSRFSGSGSGTDFTFTISSLQPEDIATYYCQQHSTTPYTFGQGTKLEIK,7sob,GI
Bentracimab,AR-C124910XX,QVQLQESGAEVKKPGSSVRVSCKASGGTFDSYSIHWVRQAPGQGLEWMGGIIPAFGTLSSAQDFQARVTISADKSTSTAYMELSGLRSEDTAVYYCARGSFDYYFWSASHPPNDALAIWGQGTLVTVSS,QSVVTQPPSVSAAPGQKVTISCSGSNSDIGNNYVSWYQQLPGTAPKLLIYDNNKRPSGIPDRFSGSKSGTSATLAITGLQAGDEADYYCGTWLYDRAVGLFGGGTKVTVL,5alb,HL
Benufutamab,TNFRSF10B/CD262/DR5/TRAILR2,EVQLQQSGAEVVKPGASVKLSCKASGFNIKDTFIHWVKQAPGQGLEWIGRIDPANTNTKYDPKFQGKATITTDTSSNTAYMELSSLRSEDTAVYYCVRGLYTYYFDYWGQGTLVTVSS,EIVMTQSPATLSVSPGERATLSCRASQSISNNLHWYQQKPGQAPRLLIKFASQSITGIPARFSGSGSGTEFTLTISSLQSEDFAVYYCQQGNSWPYTFGQGTKLEIK,6t3j,AB
Berlimatoxumab,Staphylococcus aureus Toxin A,ELQLQESGPGLVKPSETLSLTCTVSGGSISSGSYYWDWIRQPPGKGLEWIGNIYKSGSTYYNPSLKSRVTISVDTSKNQFSLKLSSVTAADTAVYYCARERGMHYMDVWGKGTTVTVSS,DIQMTQSPSSLSASVGDRVTITCRASQSINSYLNWYQQKPGKAPKLLIYAASSLQSGVPSRFSGSGSGTDFTLTISSLQPEDFATYYCQQQFDPPFTFGGGTKVEIK,5k59,HL
Betinukibart,IL17A,QVQLVQSGSELKKPGASVKVSCKASEYIFTNYGMNWVKQAPGQGFEWMGWIDTNTGEPTYAQGFTGRFVFSLDTSVSTAYLQISSLKAEDTATYYCANYGWGYFDYWGQGTTVTVSS,DVVMTQTPPSLPVNPGEPASISCRSSQSLVHSNGYTYLHWYLQKPGQSPQLLIYKVSNHLSGVPDRFSGSGSGTDFTLKISWVEAEDVGVYFCSQSTHVPYTFGGGTKLEIK,7wkx,AC
Bevacizumab,VEGFA,EVQLVESGGGLVQPGGSLRLSCAASGYTFTNYGMNWVRQAPGKGLEWVGWINTYTGEPTYAADFKRRFTFSLDTSKSTAYLQMNSLRAEDTAVYYCAKYPHYYGSSHWYFDVWGQGTLVTVSS,DIQMTQSPSSLSASVGDRVTITCSASQDISNYLNWYQQKPGKAPKVLIYFTSSLHSGVPSRFSGSGSGTDFTLTISSLQPEDFATYYCQQYSTVPWTFGQGTKVEIK,1bj1,HL
Bexatamig,IL3RA/CD123;NCR1/NKP46/NKp46/LY94/CD335,EVQLVQSGAEVKKPGESLKISCKGSGYSFTDYYMKWARQMPGKGLEWMGDIIPSSGATFYNQKFKGQVTISADKSISTTYLQWSSLKASDTAMYYCARSHLLRASWFAYWGQGTMVTVSS,DIVMTQSPDSLAVSLGERATINCESSQSLLSSGNQKNYLTWYQQKPGQPPKPLIYWASTRESGVPDRFSGSGSGTDFTLTISSLQAEDVAVYYCQNDYSYPYTFGQGTKLEIK,4jzj,HL
Bezlotoxumab,Clostridium difficile Toxin A,EVQLVQSGAEVKKSGESLKISCKGSGYSFTSYWIGWVRQMPGKGLEWMGIFYPGDSSTRYSPSFQGQVTISADKSVNTAYLQWSSLKASDTAMYYCARRRNWGNAFDIWGQGTMVTVSS,EIVLTQSPGTLSLSPGERATLSCRASQSVSSSYLAWYQQKPGQAPRLLIYGASSRATGIPDRFSGSGSGTDFTLTISRLEPEDFAVYYCQQYGSSTWTFGQGTKVEIK,4np4,HL
Bifikafusp,FN extracellular domain B,EVQLLESGGGLVQPGGSLRLSCAASGFTFSSFSMSWVRQAPGKGLEWVSSISGSSGTTYYADSVKGRFTISRDNSKNTLYLQMNSLRAEDTAVYYCAKPFPYFDYWGQGTLVTVSS,EIVLTQSPGTLSLSPGERATLSCRASQSVSSSFLAWYQQKPGQAPRLLIYYASSRATGIPDRFSGSGSGTDFTLTISRLEPEDFAVYYCQQTGRIPPTFGQGTKVEIK,7ah1,AA
Bimagrumab,ACVR2B,QVQLVQSGAEVKKPGASVKVSCKASGYTFTSSYINWVRQAPGQGLEWMGTINPVSGSTSYAQKFQGRVTMTRDTSISTAYMELSRLRSDDTAVYYCARGGWFDYWGQGTLVTVSS,QSALTQPASVSGSPGQSITISCTGTSSDVGSYNYVNWYQQHPGKAPKLMIYGVSKRPSGVSNRFSGSKSGNTASLTISGLQAEDEADYYCGTFAGGSYYGVFGGGTKLTVL,5nhr,HL
Bimekizumab,IL17A,EVQLVESGGGLVQPGGSLRLSCAASGFTFSDYNMAWVRQAPGKGLEWVATITYEGRNTYYRDSVKGRFTISRDNAKNSLYLQMNSLRAEDTAVYYCASPPQYYEGSIYRLWFAHWGQGTLVTVSS,AIQLTQSPSSLSASVGDRVTITCRADESVRTLMHWYQQKPGKAPKLLIYLVSNSEIGVPDRFSGSGSGTDFRLTISSLQPEDFATYYCQQTWSDPWTFGQGTKVEIK,8ruu,HL
Bintrafusp,PDL1/CD274,EVQLLESGGGLVQPGGSLRLSCAASGFTFSSYIMMWVRQAPGKGLEWVSSIYPSGGITFYADTVKGRFTISRDNSKNTLYLQMNSLRAEDTAVYYCARIKLGTVTTVDYWGQGTLVTVSS,QSALTQPASVSGSPGQSITISCTGTSSDVGGYNYVSWYQQHPGKAPKLMIYDVSNRPSGVSNRFSGSKSGNTASLTISGLQAEDEADYYCSSYTSSSTRVFGTGTKVTVL,4nki,HL
Bleselumab,TNFRSF5/CD40,QLQLQESGPGLLKPSETLSLTCTVSGGSISSPGYYGGWIRQPPGKGLEWIGSIYKSGSTYHNPSLKSRVTISVDTSKNQFSLKLSSVTAADTAVYYCTRPVVRYFGWFDPWGQGTLVTVSS,AIQLTQSPSSLSASVGDRVTITCRASQGISSALAWYQQKPGKAPKLLIYDASNLESGVPSRFSGSGSGTDFTLTISSLQPEDFATYYCQQFNSYPTFGQGTKVEIK,8yx1,HL
Blontuvetmab,MS4A1/CD20,QVQLQQSRAELVRPGASVTLSCKPSGYTFTDYEVHWVKQTPVHGLEWIGAIDPETGGTADNQKFKGKAILTADKSSSTAYMELRSLTSEDSAVYYCTNFVDVWGTGTTVTVSS,DVVMSQSPSSLAVSVGEKVTMSCKSSQSLLYSGNQKNYLAWYQQKPGQSPRLLIYWASTRESGVPDRFTGSGSGTDFTLTISSVKAEDLAVFYCQQYYNYPLTFGGGTHL,9cq4,HL
Bococizumab,PCSK9,QVQLVQSGAEVKKPGASVKVSCKASGYTFTSYYMHWVRQAPGQGLEWMGEISPFGGRTNYNEKFKSRVTMTRDTSTSTVYMELSSLRSEDTAVYYCARERPLYASDLWGQGTTVTVSS,DIQMTQSPSSLSASVGDRVTITCRASQGISSALAWYQQKPGKAPKLLIYSASYRYTGVPSRFSGSGSGTDFTFTISSLQPEDIATYYCQQRYSLWRTFGQGTKLEIK,3sqo,HL
Boserolimab,TNFRSF7/CD27,EIQLVQSGAEVKKPGASVKVSCKASGYTFTNYGMNWVKQAPGQGLKWMGWINTNTGEPTYAEEFKGRFTFTLDTSISTAYMELSSLRSEDTAVYYCAREGDAMDYWGQGTTVTVSS,EIVLTQSPATLSLSPGERATLSCSASSSVSYMHWYQQKPGQAPKRWIYDTSKLASGVPARFSGSGSGTDYSLTISSLEPEDFAVYYCQQWNSYPFTFGQGTKLEIK,8ds5,CB
Bremzalerbart,Bet v 1,QVQLQESGPGLVKPSETLSLTCSVSGGSITNYFWTWIRQSPGKGLEWIGYIYYSGGTNYNPSLKSRVTISIDTSKNQFSLNMNSVTAADTAVYYCAGSYYYGVDVWGQGTTVTVSS,EIVLTQSPATLSLSPGERATLSCRASQSIKSFLAWYRQKPGQAPRLLIYDASNRPTGIPARFSGSGSGTDFTLTINSLESEDFAVYFCQQRNNWPFTFGPGTKVDIK,7mxl,AB
Briakinumab,IL12B/CLMFp40,QVQLVESGGGVVQPGRSLRLSCAASGFTFSSYGMHWVRQAPGKGLEWVAFIRYDGSNKYYADSVKGRFTISRDNSKNTLYLQMNSLRAEDTAVYYCKTHGSHDNWGQGTMVTVSS,QSVLTQPPSVSGAPGQRVTISCSGSRSNIGSNTVKWYQQLPGTAPKLLIYYNDQRPSGVPDRFSGSKSGTSASLAITGLQAEDEADYYCQSYDRYTHPALLFGTGTKVTVL,5n2k,LK
Burosumab,FGF23,QVQLVQSGAEVKKPGASVKVSCKASGYTFTNHYMHWVRQAPGQGLEWMGIINPISGSTSNAQKFQGRVTMTRDTSTSTVYMELSSLRSEDTAVYYCARDIVDAFDFWGQGTMVTVSS,AIQLTQSPSSLSASVGDRVTITCRASQGISSALVWYQQKPGKAPKLLIYDASSLESGVPSRFSGSGSGTDFTLTISSLQPEDFATYYCQQFNDYFTFGPGTKVDIK,7ven,BA
Camrelizumab,PDCD1/CD279/PD1,EVQLVESGGGLVQPGGSLRLSCAASGFTFSSYMMSWVRQAPGKGLEWVATISGGGANTYYPDSVKGRFTISRDNAKNSLYLQMNSLRAEDTAVYYCARQLYYFDYWGQGTTVTVSS,DIQMTQSPSSLSASVGDRVTITCLASQTIGTWLTWYQQKPGKAPKLLIYTATSLADGVPSRFSGSGSGTDFTLTISSLQPEDFATYYCQQVYSIPWTFGGGTKVEIK,7cu5,BB
Canakinumab,IL1B,QVQLVESGGGVVQPGRSLRLSCAASGFTFSVYGMNWVRQAPGKGLEWVAIIWYDGDNQYYADSVKGRFTISRDNSKNTLYLQMNGLRAEDTAVYYCARDLRTGPFDYWGQGTLVTVSS,EIVLTQSPDFQSVTPKEKVTITCRASQSIGSSLHWYQQKPDQSPKLLIKYASQSFSGVPSRFSGSGSGTDFTLTINSLEAEDAAAYYCHQSSSLPFTFGPGTKVDIK,4g5z,HL
Caplacizumab,VWF,EVQLVESGGGLVQPGGSLRLSCAASGRTFSYNPMGWFRQAPGKGRELVAAISRTGGSTYYPDSVEGRFTISRDNAKRMVYLQMNSLRAEDTAVYYCAAAGVRAEDGRVRTLPSEYTFWGQGTQVTVSS,na,7a6o,B
Carlumab,CCL2/MCP1,QVQLVQSGAEVKKPGSSVKVSCKASGGTFSSYGISWVRQAPGQGLEWMGGIIPIFGTANYAQKFQGRVTITADESTSTAYMELSSLRSEDTAVYYCARYDGIYGELDFWGQGTLVTVSS,EIVLTQSPATLSLSPGERATLSCRASQSVSDAYLAWYQQKPGQAPRLLIYDASSRATGVPARFSGSGSGTDFTLTISSLEPEDFAVYYCHQYIQLHSFTFGQGTKVEIK,4dn3,HL
Casdozokitug,IL27,EVQLVESGGGLVKPGGSLRLSCAASGFTFRSYGMNWVRQAPGKGLEWVSGISSSGSYIYYADSVKGRFTISRDNAKNSLYLQMNSLRAEDTAVYYCARDGGRTSYTATAHNWFDPWGQGTLVTVSS,DIVMTQSPDSLAVSLGERATINCKSSQSVLFSSNNKNYLAWYQQKPGQPPKLLIYWASTRESGVPDRFSGSGSGTDFTLTISSLQAEDVAVYYCQQHASAPPTFGGGTKVEIK,7zxk,HL
Caxmotabart,ERBB2/CD340/HER2,EVQLVESGGGLVQPGGSLRLSCAASGFNIKDTYIHWVRQAPGKGLEWVARIYPTNGYTRYADSVKGRFTISADTSKNTAYLQMNSLRAEDTAVYYCSRWGGDGFYAMDYWGQGTLVTVSS,DIQMTQSPSSLSASVGDRVTITCRASQDVNTAVAWYQQKPGKAPKLLIYSASFLYSGVPSRFSGSRSGTDFTLTISSLQPEDFATYYCQQHYTTPPTFGQGTKVEIK,6bi0,HL
Cemiplimab,PDCD1/CD279/PD1,EVQLLESGGVLVQPGGSLRLSCAASGFTFSNFGMTWVRQAPGKGLEWVSGISGGGRDTYFADSVKGRFTISRDNSKNTLYLQMNSLKGEDTAVYYCVKWGNIYFDYWGQGTLVTVSS,DIQMTQSPSSLSASVGDSITITCRASLSINTFLNWYQQKPGKAPNLLIYAASSLHGGVPSRFSGSGSGTDFTLTIRTLQPEDFATYYCQQSSNTPFTFGPGTVVDFR,7wvm,AB
Certolizumab,TNF/TNFA,EVQLVESGGGLVQPGGSLRLSCAASGYVFTDYGMNWVRQAPGKGLEWMGWINTYIGEPIYADSVKGRFTFSLDTSKSTAYLQMNSLRAEDTAVYYCARGYRSYAMDYWGQGTLVTVSS,DIQMTQSPSSLSASVGDRVTITCKASQNVGTNVAWYQQKPGKAPKALIYSASFLYSGVPYRFSGSGSGTDFTLTISSLQPEDFATYYCQQYNIYPLTFGQGTKVEIK,5wuv,HL
Cetuximab,EGFR/ERBB1/HER1,QVQLKQSGPGLVQPSQSLSITCTVSGFSLTNYGVHWVRQSPGKGLEWLGVIWSGGNTDYNTPFTSRLSINKDNSKSQVFFKMNSLQSNDTAIYYCARALTYYDYEFAYWGQGTLVTVSA,DILLTQSPVILSVSPGERVSFSCRASQSIGTNIHWYQQRTNGSPRLLIKYASESISGIPSRFSGSGSGTDFTLSINSVESEDIADYYCQQNNNWPTTFGAGTKLELK,6au5,DC
Cifurtilimab,TNFRSF5/CD40,EVQLVESGGGLVQPGGSLRLSCAASGYSFTGYYIHWVRQAPGKGLEWVARVIPNAGGTSYNQKFKGRFTLSVDNSKNTAYLQMNSLRAEDTAVYYCAREGIYWWGQGTLVTVSS,DIQMTQSPSSLSASVGDRVTITCRSSQSLVHSNGNTFLHWYQQKPGKAPKLLIYTVSNRFSGVPSRFSGSGSGTDFTLTISSLQPEDFATYFCSQTTHVPWTFGQGTKVEIK,8xy9,HL
Cilgavimab,SARS-CoV-2 Spike RBD,EVQLVESGGGLVKPGGSLRLSCAASGFTFRDVWMSWVRQAPGKGLEWVGRIKSKIDGGTTDYAAPVKGRFTISRDDSKNTLYLQMNSLKTEDTAVYYCTTAGSYYYDTVGPGLPEGKFDYWGQGTLVTVSS,DIVMTQSPDSLAVSLGERATINCKSSQSVLYSSNNKNYLAWYQQKPGQPPKLLMYWASTRESGVPDRFSGSGSGAEFTLTISSLQAEDVAIYYCQQYYSTLTFGGGTKVEIK,7l7e,CD
Cinpanemab,SNCA/PARK1/PARK4,EVQLVESGGGLVEPGGSLRLSCAVSGFDFEKAWMSWVRQAPGQGLQWVARIKSTADGGTTSYAAPVEGRFIISRDDSRNMLYLQMNSLKTEDTAVYYCTSAHWGQGTLVTVSS,SYELTQPPSVSVSPGQTARITCSGEALPMQFAHWYQQRPGKAPVIVVYKDSERPSGVPERFSGSSSGTTATLTITGVQAEDEADYYCQSPDSTNTYEVFGGGTKLTVL,6ct7,HL
Cinrebafusp,ERBB2/CD340/HER2,EVQLVESGGGLVQPGGSLRLSCAASGFNIKDTYIHWVRQAPGKGLEWVARIYPTNGYTRYADSVKGRFTISADTSKNTAYLQMNSLRAEDTAVYYCSRWGGDGFYAMDYWGQGTLVTVSS,DIQMTQSPSSLSASVGDRVTITCRASQDVNTAVAWYQQKPGKAPKLLIYSASFLYSGVPSRFSGSRSGTDFTLTISSLQPEDFATYYCQQHYTTPPTFGQGTKVEIK,6bi0,HL
Clesrovimab,RSV gpF,EVQLVESGGGLVRPGRSLRLSCTVSGFSFDDSAMSWVRQAPGKGLEWISFIKSKTYGGTKEYAASVKGRFTISRDDSKNIAYLQMNSLKTEDTAVYYCTRGAPYGGNSDYYYGLDVWGQGTTVTVSS,DIQMTQSPSSLSASVGDRVTITCRTSQDVRGALAWYQQKPGKAPKLLIFDASSLETGVPSRFSGSGSGTVFTLTISSLQPEDFAAYYCQQFLDFPFTFGQGTRLEIK,6ous,MN
Cobolimab,HAVCR2/TIM3,EVQLLESGGGLVQPGGSLRLSCAAASGFTFSSYDMSWVRQAPGKGLDWVSTISGGGTYTYYQDSVKGRFTISRDNSKNTLYLQMNSLRAEDTAVYYCASMDYWGQGTTVTVSS,DIQMTQSPSSLSASVGDRVTITCRASQSIRRYLNWYHQKPGKAPKLLIYGASTLQSGVPSRFSGSGSGTDFTLTISSLQPEDFAVYYCQQSHSAPLTFGGGTKVEIK,8gsi,BA
Coltuximab,CD19,QVQLVQPGAEVVKPGASVKLSCKTSGYTFTSNWMHWVKQAPGQGLEWIGEIDPSDSYTNYNQNFQGKAKLTVDKSTSTAYMEVSSLRSDDTAVYYCARGSNPYYYAMDYWGQGTSVTVSS,EIVLTQSPAIMSASPGERVTMTCSASSGVNYMHWYQQKPGTSPRRWIYDTSKLASGVPARFSGSGSGTDYSLTISSMEPEDAATYYCHQRGSYTFGGGTKLEIK,6ani,HL
Conatumumab,TNFRSF10B/CD262/DR5/TRAILR2,QVQLQESGPGLVKPSQTLSLTCTVSGGSISSGDYFWSWIRQLPGKGLEWIGHIHNSGTTYYNPSLKSRVTISVDTSKKQFSLRLSSVTAADTAVYYCARDRGGDYYYGMDVWGQGTTVTVSS,EIVLTQSPGTLSLSPGERATLSCRASQGISRSYLAWYQQKPGQAPSLLIYGASSRATGIPDRFSGSGSGTDFTLTISRLEPEDFAVYYCQQFGSSPWTFGQGTKVEIK,4n90,DE
Concizumab,TFPI,EVQLVESGGGLVKPGGSLRLSCAASGFTFSNYAMSWVRQTPEKRLEWVATISRSGSYSYFPDSVQGRFTISRDNAKNSLYLQMNSLRAEDTAVYYCARLGGYDEGDAMDSWGQGTTVTVSS,DIVMTQTPLSLSVTPGQPASISCKSSQSLLESDGKTYLNWYLQKPGQSPQLLIYLVSILDSGVPDRFSGSGSGTDFTLKISRVEAEDVGVYYCLQATHFPQTFGGGTKVEIK,4dtg,HL
Coprelotamab,ERBB2/CD340/HER2,EVQLVESGGGLVQPGGSLRLSCAASGFNIKDTYIHWVRQAPGKGLEWVARIYPTNGYTRYADSVKGRFTISADTSKNTAYLQMNSLRAEDTAVYYCSRWGGDGFYAMDYWGQGTLVTVSS,DIQMTQSPSSLSASVGDRVTITCRASQDVNTAVAWYQQKPGKAPKLLIYSASFLYSGVPSRFSGSRSGTDFTLTISSLQPEDFATYYCQQHYTTPPTFGQGTKVEIK,6bi0,HL
Cosfroviximab,Zaire Ebolavirus Glycoprotein,DVKLLESGGGLVQPGGSLKLSCAASGFSLSTSGVGVGWFRQPSGKGLEWLALIWWDDDKYYNPSLKSQLSISKDFSRNQVFLKISNVDIADTATYYCARRDPFGYDNAMGYWGQGTSVTVSS,DIVMTQSPLSLSTSVGDRVSLTCKASQNVGTAVAWYQQKPGQSPKLLIYSASNRYTGVPDRFTGSGSGTDFTLTISNMQSEDLADYFCQQYSSYPLTFGAGTKLELR,5kel,CD
Crenezumab,APP,EVQLVESGGGLVQPGGSLRLSCAASGFTFSSYGMSWVRQAPGKGLELVASINSNGGSTYYPDSVKGRFTISRDNAKNSLYLQMNSLRAEDTAVYYCASGDYWGQGTTVTVSS,DIVMTQSPLSLPVTPGEPASISCRSSQSLVYSNGDTYLHWYLQKPGQSPQLLIYKVSNRFSGVPDRFSGSGSGTDFTLKISRVEAEDVGVYYCSQSTHVPWTFGQGTKVEIK,5vzx,HL
Crexavibart,SARS-CoV-2 Spike RBD,EVQLVESGGGLIQPGGSLRLSCAASGFTVSNNYMSWVRQAPGKGLEWVSVIYSGGSTYYADSVKGRFTISRDKSKNTLYLQMNSLRAEDTAVYYCAREGEVEGYNDFWSGYSRDRYYFDYWGQGTLVTVSS,QSALTQPASVSGSPGQSITISCTGTSSDVGGYNYVSWYQQHPGKAPKLMIYDVSNRPSGVSNRFSGSKSGNTASLTISGLQAEDEADYYCSSYTSSSTRVFGTGTKVTVL,7k90,HL
Crovalimab,C5,QVQLVESGGGLVQPGRSLRLSCAASGFTVHSSYYMAWVRQAPGKGLEWVGAIFTGSGAEYKAEWAKGRVTISKDTSKNQVVLTMTNMDPVDTATYYCASDAGYDYPTHAMHYWGQGTLVTVSS,DIQMTQSPSSLSASVGDRVTITCRASQGISSSLAWYQQKPGKAPKLLIYGASETESGVPSRFSGSGSGTDFTLTISSLQPEDFATYYCQNTKVGSSYGNTFGGGTKVEIK,5b71,DC
Cugrastomig,LAG3/CD223;PDCD1/CD279/PD1,QVQLQQWGAGLLKPSETLSLTCAVYGGSISDYYWNWIRQPPGKGLEWIGEINHRGTTNSNPSLKSRVTLSLDTSKNQFSLKLRSVTAADTAVYYCAFGYSDYEYDWFDPWGQGTLVTVSS,EIVLTQSPATLSLSPGERATLSCRASQTISSYLAWYQQKPGQAPRLLIYDASNRATGIPARFSGSGSGTDFTLTISSLEPEDFAVYYCQQRSNWPITFGQGTNLEIK,7um3,HL
Dacetuzumab,TNFRSF5/CD40,EVQLVESGGGLVQPGGSLRLSCAASGYSFTGYYIHWVRQAPGKGLEWVARVIPNAGGTSYNQKFKGRFTLSVDNSKNTAYLQMNSLRAEDTAVYYCAREGIYWWGQGTLVTVSS,DIQMTQSPSSLSASVGDRVTITCRSSQSLVHSNGNTFLHWYQQKPGKAPKLLIYTVSNRFSGVPSRFSGSGSGTDFTLTISSLQPEDFATYFCSQTTHVPWTFGQGTKVEIK,8yx9,HL
Daclizumab,IL2RA/CD25,QVQLVQSGAEVKKPGSSVKVSCKASGYTFTSYRMHWVRQAPGQGLEWIGYINPSTGYTEYNQKFKDKATITADESTNTAYMELSSLRSEDTAVYYCARGGGVFDYWGQGTLVTVSS,DIQMTQSPSTLSASVGDRVTITCSASSSISYMHWYQQKPGKAPKLLIYTTSNLASGVPARFSGSGSGTEFTLTISSLQPDDFATYYCHQRSTYPLTFGQGTKVEVK,3nfs,HL
Danvilostomig,CTLA4/CD152;PDCD1/CD279/PD1,QVQLVESGGGVVQPGRSLRLSCAASGFTFSSYTMHWVRQAPGKGLEWVTFISYDGNNKYYADSVKGRFTISRDNSKNTLYLQMNSLRAEDTAIYYCARTGWLGPFDYWGQGTLVTVSS,EIVLTQSPGTLSLSPGERATLSCRASQSVGSSYLAWYQQKPGQAPRLLIYGAFSRATGIPDRFSGSGSGTDFTLTISRLEPEDFAVYYCQQYGSSPWTFGQGTKVEIK,5tru,HL
Daratumumab,ADPRC1/CD38,EVQLLESGGGLVQPGGSLRLSCAVSGFTFNSFAMSWVRQAPGKGLEWVSAISGSGGGTYYADSVKGRFTISRDNSKNTLYLQMNSLRAEDTAVYFCAKDKILWFGEPVFDYWGQGTLVTVSS,EIVLTQSPATLSLSPGERATLSCRASQSVSSYLAWYQQKPGQAPRLLIYDASNRATGIPARFSGSGSGTDFTLTISSLEPEDFAVYYCQQRSNWPPTFGQGTKVEIK,7dun,HL
Demupitamab,EGFR/ERBB1/HER1,QVQLQESGPGLVKPSETLSLTCTVSGGSVSSGDYYWTWIRQSPGKGLEWIGHIYYSGNTNYNPSLKSRLTISIDTSKTQFSLKLSSVTAADTAIYYCVRDRVTGAFDIWGQGTMVTVSS,DIQMTQSPSTLSASVGDRVTITCQASQDISNYLNWYQQKPGKAPKLLIYDASNLETGVPSRFSGSGSGTDFTFTISSLQPEDIATYFCQHFDHLPLAFGGGTKVEIK,5sx4,HL
Denecimig,F9;F10,EVQLVESGGGLVQPGRSLRLSCAASGFTFHDYAMHWVRQVPGKGLEWVSGISWRGDIGGYVKSVKGRFTISRDNAKNSLYLQMNSLRAEDTALYYCVKSYGSGSFYNAFDSWGQGTLVTVSS,DIQMTQSPSTLSASVGDRVTITCRASQSISSWLAWYQQKPGKAPKFLIYKASKLERGTPSRFSGSGSGTEFSLTISSLQPDDFATYYCLEYSSYIRTFGQGTKVEIK,7ahu,BA
Denrakibart,CCL17/ABCD-2/SCYA17/TARC,EVQLVQSGAEVKKPGESLKISCKGSGYSFTSYWIGWVRQMPGKGLEWMGIIDPSDSDTRYSPSFQGQVTISADKSISTAYLQWSSLKASDTAMYYCARVGPADVWDAFDYWGQGTLVTVSS,DIVMTQSPDSLAVSLGERATINCKSSQSVLLSFDNINKLAWYQQKPGQPPKLLIYDASTRESGVPDRFSGSGSGTDFTLTISSLQAEDVAVYYCQQFYSVPSTFGQGTKVEIK,5wk2,HL
Dilpacimab,DLL4;VEGFA,EVQLVESGGGLVQPGGSLRLSCAASGFTFSNFPMAWVRQAPGKGLEWVATISSSDGTTYYRDSVKGRFTISRDNAKNSLYLQMNSLRAEDTAVYYCARGYYNSPFAYWGQGTLVTVSS,DIQMTQSPSSLSASVGDRVTITCRASEDIYSNLAWYQQKPGKAPKLLIYDTNNLADGVPSRFSGSGSGTDFTLTISSLQPEDFATYYCQQYNNYPPTFGQGTKLEIK,1bj1,HL
Dinutuximab,Ganglioside GD2,EVQLLQSGPELEKPGASVMISCKASGSSFTGYNMNWVRQNIGKSLEWIGAIDPYYGGTSYNQKFKGRATLTVDKSSSTAYMHLKSLTSEDSAVYYCVSGMEYWGQGTSVTVSS,EIVMTQSPATLSVSPGERATLSCRSSQSLVHRNGNTYLHWYLQKPGQSPKLLIHKVSNRFSGVPDRFSGSGSGTDFTLKISRVEAEDLGVYFCSQSTHVPPLTFGAGTKLELK,4tuj,CD
Diridavumab,Influenza A HA2,EVQLVESGAEVKKPGSSVKVSCKASGGPFRSYAISWVRQAPGQGPEWMGGIIPIFGTTKYAPKFQGRVTITADDFAGTVYMELSSLRSEDTAMYYCAKHMGYQVRETMDVWGKGTTVTVSS,QSVLTQPPSVSAAPGQKVTISCSGSSSNIGNDYVSWYQQLPGTAPKLLIYDNNKRPSGIPDRFSGSKSGTSATLGITGLQTGDEANYYCATWDRRPTAYVVFGGGTKLTVL,3gbn,HL
Domagrozumab,MSTN/GDF8/GDF-8,EVQLLESGGGLVQPGGSLRLSCAASGFTFSSYAMSWVRQAPGKGLEWVSTISSGGSYTSYPDSVKGRFTISRDNSKNTLYLQMNSLRAEDTAVYYCAKQDYAMNYWGQGTLVTVSS,DIQMTQSPSSLSASVGDRVTITCKASQDVSTAVAWYQQKPGKAPKLLIYSASYRYTGVPSRFSGSGSGTDFTLTISSLQPEDFATYYCQQHYSTPWTFGGGTKVEIK,5f3h,EF
Donzakimig1,IL22;ALB,EVQLVESGGGLVQPGGSLRLSCAVSGFSLSSYAMIWVRQAPGKGLEWIGIIDIEGSTYYASWAKGRFTISRDNSKNTVYLQMNSLRAEDTAVYYCARDRFVGVDIFDPWGQGTLVTVSS,AVQLTQSPSSLSASVGDRVTITCQASEDIYTNLAWYQQKPGKAPKLLIYWASTLASGVPSRFSGSGSGTDFTLTISSLQPEDFATYYCQASVYGNAADSRYTFGGGTKVEIK,5fuo,HL
Dostarlimab,PDCD1/CD279/PD1,EVQLLESGGGLVQPGGSLRLSCAASGFTFSSYDMSWVRQAPGKGLEWVSTISGGGSYTYYQDSVKGRFTISRDNSKNTLYLQMNSLRAEDTAVYYCASPYYAMDYWGQGTTVTVSS,DIQLTQSPSFLSAYVGDRVTITCKASQDVGTAVAWYQQKPGKAPKLLIYWASTLHTGVPSRFSGSGSGTEFTLTISSLQPEDFATYYCQHYSSYPWTFGQGTKLEIK,7wsl,HL
Drozitumab,TNFRSF10B/CD262/DR5/TRAILR2,EVQLVQSGGGVERPGGSLRLSCAASGFTFDDYAMSWVRQAPGKGLEWVSGINWQGGSTGYADSVKGRVTISRDNAKNSLYLQMNSLRAEDTAVYYCAKILGAGRGWYFDYWGKGTTVTVSS,SELTQDPAVSVALGQTVRITCSGDSLRSYYASWYQQKPGQAPVLVIYGANNRPSGIPDRFSGSSSGNTASLTITGAQAEDEADYYCNSADSSGNHVVFGGGTKLTVL,4od2,BA
Duligotuzumab,ERBB3/HER3,EVQLVESGGGLVQPGGSLRLSCAASGFTLSGDWIHWVRQAPGKGLEWVGEISAAGGYTDYADSVKGRFTISADTSKNTAYLQMNSLRAEDTAVYYCARESRVSFEAAMDYWGQGTLVTVSS,DIQMTQSPSSLSASVGDRVTITCRASQNIATDVAWYQQKPGKAPKLLIYSASFLYSGVPSRFSGSGSGTDFTLTISSLQPEDFATYYCQQSEPEPYTFGQGTKVEIK,3p0v,HL
Dupilumab,IL4R/CD124,EVQLVESGGGLEQPGGSLRLSCAGSGFTFRDYAMTWVRQAPGKGLEWVSSISGSGGNTYYADSVKGRFTISRDNSKNTLYLQMNSLRAEDTAVYYCAKDRLSITIRPRYYGLDVWGQGTTVTVSS,DIVMTQSPLSLPVTPGEPASISCRSSQSLLYSIGYNYLDWYLQKSGQSPQLLIYLGSNRASGVPDRFSGSGSGTDFTLKISRVEAEDVGFYYCMQALQTPYTFGQGTKLEIK,6wgb,AB
Durvalumab,PDL1/CD274,EVQLVESGGGLVQPGGSLRLSCAASGFTFSRYWMSWVRQAPGKGLEWVANIKQDGSEKYYVDSVKGRFTISRDNAKNSLYLQMNSLRAEDTAVYYCAREGGWFGELAFDYWGQGTLVTVSS,EIVLTQSPGTLSLSPGERATLSCRASQRVSSSYLAWYQQKPGQAPRLLIYDASSRATGIPDRFSGSGSGTDFTLTISRLEPEDFAVYYCQQYGSLPWTFGQGTKVEIK,5xj4,HL
Eblasakimab,IL13RA1/CD213A1,EVQLVQSGAEVKKPGESLKISCKGSGYSFTSYWIGWVRQMPGKGLEWMGVIYPGDSYTRYSPSFQGQVTISADKSISTAYLQWSSLKASDTAMYYCARMPNWGSLDHWGQGTLVTVSS,EIVLTQSPGTLSLSPGERATLSCRASQSISSSYLAWYQQKPGQAPRLLIYGASSRATGIPDRFSGSGSGTDFTLTISRLEPEDFAVYYCQQYASFGQGTKVEIK,4hwe,HL
Ebribafusp,C3d,QVQLVQSGAEVKKPGASVKVSCKASGYTFTNYYINWVRQAPGQGLEWMGVINPYSGGTSYNQKFKGRVTMTVDTSTSTAYMELSSLRSEDTAVYFCSSPYWGQGTLVTVSS,DVVMTQSPLSLPVTLGQPASISCKSSQSLLDSDGKTYLNWFQQRPGQSPRRLIYLVSKLDSGVPDRFSGSGSGTDFTLKISRVEAEDVGVYYCWQGTHFPRTFGGGTKVEIK,7ue9,HL
Eculizumab,C5,QVQLVQSGAEVKKPGASVKVSCKASGYIFSNYWIQWVRQAPGQGLEWMGEILPGSGSTEYTENFKDRVTMTRDTSTSTVYMELSSLRSEDTAVYYCARYFFGSSPNWYFDVWGQGTLVTVSS,DIQMTQSPSSLSASVGDRVTITCGASENIYGALNWYQQKPGKAPKLLIYGATNLADGVPSRFSGSGSGTDFTLTISSLQPEDFATYYCQNVLNTPLTFGQGTKVEIK,5i5k,HL
Efalizumab,ITGAL/CD11A/LFA1A,EVQLVESGGGLVQPGGSLRLSCAASGYSFTGHWMNWVRQAPGKGLEWVGMIHPSDSETRYNQKFKDRFTISVDKSKNTLYLQMNSLRAEDTAVYYCARGIYFYGTTYFDYWGQGTLVTVSS,DIQMTQSPSSLSASVGDRVTITCRASKTISKYLAWYQQKPGKAPKLLIYSGSTLQSGVPSRFSGSGSGTDFTLTISSLQPEDFATYYCQQHNEYPLTFGQGTKVEIK,3eo9,HL
Elgemtumab,ERBB3/HER3,EVQLLESGGGLVQPGGSLRLSCAASGFTFSSYAMSWVRQAPGKGLEWVSAINSQGKSTYYADSVKGRFTISRDNSKNTLYLQMNSLRAEDTAVYYCARWGDEGFDIWGQGTLVTVSS,DIQMTQSPSSLSASVGDRVTITCRASQGISNWLAWYQQKPGKAPKLLIYGASSLQSGVPSRFSGSGSGTDFTLTISSLQPEDFATYYCQQYSSFPTTFGQGTKVEIK,4p59,HL
Elipovimab,HIV-1 gp120,QMQLQESGPGLVKPSETLSLTCSVSGASISDSYWSWIRRSPGKGLEWIGYVHKSGDTNYNPSLKSRVHLSLDTSKNQVSLSLTGVTAADSGKYYCARTLHGRRIYGIVAFNEWFTYFYMDVWGTGTQVTVSS,SDISVAPGETARISCGEKSLGSRAVQWYQHRAGQAPSLIIYNNQDRPSGIPERFSGSPDSRPGTTATLTITSVEAGDEADYYCHIWDSRVPTKWVFGGGTTLTVL,4fq1,HL
Eltrekibart,CXCL1/CXCL2/CXCL3/CXCL5/CXCL6/CXCL7/CXCL8,QVQLVQSGAEVKKPGASVKVSCKASGYEFTSYWIHWVRQAPGQGLEWMGNISPNSGSANYNEKFKSRVTMTRDTSTSTVYMELSSLRSEDTAVYYCAREGPYSYYPSREYYGSDLWGQGTLVTVSS,EIVLTQSPATLSLSPGERATLSCRASQSISNNLHWYQQKPGQAPRLLIYYTSRSVSGIPARFSGSGSGTDFTLTISSLEPEDFAVYYCGQNNEWPEVFGGGTKVEIK,6wzk,AB
Emactuzumab,CSF1R/CD115/M-CSFR,QVQLVQSGAEVKKPGASVKVSCKASGYTFTSYDISWVRQAPGQGLEWMGVIWTDGGTNYAQKLQGRVTMTTDTSTSTAYMELRSLRSDDTAVYYCARDQRLYFDVWGQGTTVTVSS,DIQMTQSPSSLSASVGDRVTITCRASEDVNTYVSWYQQKPGKAPKLLIYAASNRYTGVPSRFSGSGSGTDFTLTISSLQPEDFATYYCQQSFSYPTFGQGTKLEIK,4liq,HL
Empasiprubart,C2,EVQLVQSGAEVKKPGASVKVSCKASGYTFTDYNMDWVRQATGQGLEWIGDINPNYESTGYNQKFKGRATMTVDKSISTAYMELSSLRSEDTAVYYCAREDDHDAFAYWGQGTLVTVSS,DNVLTQSPDSLAVSLGERATISCRASKSVRTSGYNYMHWYQQKPGQPPKLLIYLASNLKSGVPDRFSGSGSGTDFTLTISSLQAEDAATYYCQHSRELPYTFGQGTKLEIK,8acf,HL
Enlonstobart,PDCD1/CD279/PD1,QVQLVESGGGVVQPGRSLRLTCKASGLTFSSSGMHWVRQAPGKGLEWVAVIWYDGSKRYYADSVKGRFTISRDNSKNTLFLQMNSLRAEDTAVYYCATNNDYWGQGTLVTVSS,EIVLTQSPATLSLSPGERATLSCRASQSVSSYLAWYQQKPGQAPRLLIYTASNRATGIPARFSGSGSGTDFTLTISSLEPEDFAVYYCQQYSNWPRTFGQGTKVEIK,5ggr,HL
Enuzovimab,SARS-CoV-2 Spike RBD,EVQLVESGGGLIQPGGSLRLSCAASGFIVSSNYMSWVRQAPGKGLEWVSIIYSGGSTFYADSVKGRFTISRDNSKNTLYLQMNSLRVEDTAVYYCARDLQELGSLDYWGQGTLVTVSS,DIQMTQSPSSVSASVGDRVTITCRASQGISSWLAWYQQKPGKAPKLLIYAASSLQSGVPSRFSGSGSGTDFTLTISSLQPEDFATYYCQEANSFPYTFGQGTKLEIK,7cjf,AB
Epcoritamab,CD3E;MS4A1/CD20,EVKLVESGGGLVQPGGSLRLSCAASGFTFNTYAMNWVRQAPGKGLEWVARIRSKYNNYATYYADSVKDRFTISRDDSKSSLYLQMNNLKTEDTAMYYCVRHGNFGNSYVSWFAYWGQGTLVTVSS,QAVVTQEPSFSVSPGGTVTLTCRSSTGAVTTSNYANWVQQTPGQAFRGLIGGTNKRAPGVPARFSGSLIGDKAALTITGAQADDESIYFCALWYSNLWVFGGGTKLTVL,3giz,HL
Epratuzumab,SIGLEC2/CD22,QVQLVQSGAEVKKPGSSVKVSCKASGYTFTSYWLHWVRQAPGQGLEWIGYINPRNDYTEYNQNFKDKATITADESTNTAYMELSSLRSEDTAFYFCARRDITTFYWGQGTTVTVSS,DIQLTQSPSSLSASVGDRVTMSCKSSQSVLYSANHKNYLAWYQQKPGKAPKLLIYWASTRESGVPSRFSGSGSGTDFTFTISSLQPEDIATYYCHQYLSSWTFGGGTKLEIK,5vkk,AB
Eramkafusp,MS4A1/CD20,QVQLQQPGAELVKPGASVKMSCKASGYTFTSYNMHWVKQTPGRGLEWIGAIYPGNGDTSYNQKFKGKATLTADKSSSTAYMQLSSLTSEDSAVYYCARSTYYGGDWYFNVWGAGTTVTVSA,QIVLSQSPAILSASPGEKVTMTCRASSSVSYIHWFQQKPGSSPKPWIYATSNLASGVPVRFSGSGSGTSYSLTISRVEAEDAATYYCQQWTSNPPTFGGGTKLEIK,2osl,AB
Erenumab,CALCRL,QVQLVESGGGVVQPGRSLRLSCAASGFTFSSFGMHWVRQAPGKGLEWVAVISFDGSIKYSVDSVKGRFTISRDNSKNTLFLQMNSLRAEDTAVYYCARDRLNYYDSSGYYHYKYYGMAVWGQGTTVTVSS,QSVLTQPPSVSAAPGQKVTISCSGSSSNIGNNYVSWYQQLPGTAPKLLIYDNNKRPSGIPDRFSGSKSGTSTTLGITGLQTGDEADYYCGTWDSRLSAVVFGGGTKLTVL,6umg,HL
Erfonrilimab,PDL1/CD274;CTLA4/CD152,QVQLVESGGGLVQPGGSLRLSCAASGKMSSRRCMAWFRQAPGKERERVAKLLTTSGSTYLADSVKGRFTISRDNSKNTVYLQMNSLRAEDTAVYYCAADSFEDPTCTLVTSSGAFQYWGQGTLVTVSS,na,6rqm,B
Erlizumab,ITGB2/CD18,EVQLVESGGGLVQPGGSLRLSCATSGYTFTEYTMHWMRQAPGKGLEWVAGINPKNGGTSHNQRFMDRFTISVDKSTSTAYMQMNSLRAEDTAVYYCARWRGLNYGFDVRYFDVWGQGTLVTVSS,DIQMTQSPSSLSASVGDRVTITCRASQDINNYLNWYQQKPGKAPKLLIYYTSTLHSGVPSRFSGSGSGTDYTLTISSLQPEDFATYYCQQGNTLPPTFGQGTKVEIK,2fgw,HL
Erzotabart,ADPRC1/CD38,QVQLVQSGAEVKKPGSSVKVSCKAFGGTFSSYAISWVRQAPGQGLEWMGRIIRFLGIANYAQKFQGRVTLIADKSTNTAYMELSSLRSEDTAVYYCAGEPGERDPDAVDIWGQGTMVTVSS,DIQMTQSPSSLSASVGDRVTITCRASQGIRSWLAWYQQKPEKAPKSLIYAASSLQSGVPSRFSGSGSGTDFTLTISSLQPEDFATYYCQQYNSYPLTFGGGTKVEIK,8byu,HL
Etesevimab,SARS-CoV-2 Spike RBD,EVQLVESGGGLVQPGGSLRLSCAASGFTVSSNYMSWVRQAPGKGLEWVSVIYSGGSTFYADSVKGRFTISRDNSMNTLFLQMNSLRAEDTAVYYCARVLPMYGDYLDYWGQGTLVTVSS,DIVMTQSPSSLSASVGDRVTITCRASQSISRYLNWYQQKPGKAPKLLIYAASSLQSGVPSRFSGSGSGTDFTLTISSLQPEDFATYYCQQSYSTPPEYTFGQGTKLEIK,7c01,CD
Evunzekibart,TNFRSF9/CD137/4-1BB,EVQLLESGGGLVQPGGSLRLSCAASGFNFGYSYMSWVRQAPGKGLEWVSSIGSTSSHTYYADSVKGRFTISRDNSKNTLYLQMNSLRAEDTAVYYCARVYSSPGIDYWGQGTLVTVSS,DIQMTQSPSSLSASVGDRVTITCRASQSIGSTLNWYQQKPGKAPKLLIYGASSLQSGVPSRFSGSGSGTDFTLTISSLQPEDFATYYCQQYYTWVPFTFGQGTKLEIK,8oz3,AB
Falbikitug,LIF,QVQLQESGGGLVKPGGSLRLSCAASGFTFSHAWMHWVRQAPGKGLEWVGQIKAKSDDYATYYAESVKGRFTISRDDSKNTLYLQMNSLKTEDTAVYYCTCWEWDLDFWGQGTMVTVSS,DIVMTQTPLSSPVTLGQPASISCRSSQSLLDSDGHTYLNWLQQRPGQPPRLLIYSVSNLESGVPDRFSGSGAGTDFTLKISRVEAEDVGVYYCMQATHAPPYTFGQGTKLEIK,7n0a,BA
Faricimab,VEGFA;ANGPT2,EVQLVESGGGLVQPGGSLRLSCAASGYDFTHYGMNWVRQAPGKGLEWVGWINTYTGEPTYAADFKRRFTFSLDTSKSTAYLQMNSLRAEDTAVYYCAKYPYYYGTSHWYFDVWGQGTLVTVSS,DIQLTQSPSSLSASVGDRVTITCSASQDISNYLNWYQQKPGKAPKVLIYFTSSLHSGVPSRFSGSGSGTDFTLTISSLQPEDFATYYCQQYSTVPWTFGQGTKVEIK,1cz8,HL
Fepixnebart,EREG,QVQLVQSGAEVKKPGSSVKVSCKASGYTFTDAYINWVRQAPGQGLEWMGWIWPGPVITYYNPKFKGRVTITADKSTSTAYMELSSLRSEDTAVYYCARREVLSPFAYWGQGTTVTVSS,DIVMTQSPDSLAVSLGERATINCRSSQSIVHSTGNTYLEWYQQKPGQPPKLLIYKVSNRFSGVPDRFSGSGSGTDFTLTISSLQAEDVAVYYCFHGTHVPYTFGGGTKVEIK,5kn5,AB
Ficerafusp,EGFR/ERBB1/HER1,QVQLKQSGPGLVQPSQSLSITCTVSGFSLTNYGVHWVRQSPGKGLEWLGVIWSGGNTDYNTPFTSRLSINKDNSKSQVFFKMNSLQSNDTAIYYCARALTYYDYEFAYWGQGTLVTVSA,DILLTQSPVILSVSPGERVSFSCRASQSIGTNIHWYQQRTNGSPRLLIKYASESISGIPSRFSGSGSGTDFTLSINSVESEDIADYYCQQNNNWPTTFGAGTKLELK,6au5,DC
Fidasimtamab,PDCD1/CD279/PD1;ERBB2/CD340/HER2,EVQLVESGGGLVQPGGSLRLSCAASGFNIKDTYIHWVRQAPGKGLEWVARIYPTNGYTRYADSVKGRFTISADTSKNTAYLQMNSLRAEDTAVYYCSRWGGDGFYAMDYWGQGTLVTVSS,DIQMTQSPSSVSASVGDRVTITCRASQGISSWLAWYQQKPGKAPKLLISAASSLQSGVPSRFSGSGSGTDFTLTISSLQPEDFATYYCQQANHLPFTFGGGTKVEIK,6bi0,HL
Fontolizumab,IFNG,QVQLVQSGAELKKPGSSVKVSCKASGYIFTSSWINWVKQAPGQGLEWIGRIDPSDGEVHYNQDFKDKATLTVDKSTNTAYMELSSLRSEDTAVYYCARGFLPWFADWGQGTLVTVSS,DIQMTQSPSTLSASVGDRVTITCKASENVDTYVSWYQQKPGKAPKLLIYGASNRYTGVPSRFSGSGSGTDFTLTISSLQPDDFATYYCGQSYNYPFTFGQGTKVEVK,1t3f,BA
Fresolimumab,TGFB,QVQLVQSGAEVKKPGSSVKVSCKASGYTFSSNVISWVRQAPGQGLEWMGGVIPIVDIANYAQRFKGRVTITADESTSTTYMELSSLRSEDTAVYYCASTLGLVLDAMDYWGQGTLVTVSS,ETVLTQSPGTLSLSPGERATLSCRASQSLGSSYLAWYQQKPGQAPRLLIYGASSRAPGIPDRFSGSGSGTDFTLTISRLEPEDFAVYYCQQYADSPITFGQGTRLEIK,3eo0,DC
Fulranumab,NGFB,EVQLVESGGGLVQPGGSLRLSCAASGFTLRSYSMNWVRQAPGKGLEWVSYISRSSHTIFYADSVKGRFTISRDNAKNSLYLQMDSLRDEDTAMYYCARVYSSGWHVSDYFDYWGQGILVTVSS,AIQLTQSPSSLSASVGDRVTITCRASQGISSALAWYQQKPGKAPKLLIYDASSLESGVPSRFSGSGSGTDFTLTISSLQPEDFATYYCQQFNSYPLTFGGGTKVEIK,4m6o,HL
Gacovetug,F4+ ETEC (Veterinary Application),QVQLQESGGGLVQPGGSLRLSCTASGSISSINAMGWYRQAPGSKREFVAHITNTGVTEFADSVKGRFTISRDNAKTTVDLQMNSLKPEDTAVYYCAATDWGTLLIKGIDHWGKGTQVTVSS,na,4wen,B
Galegenimab,HTRA1,EVQLVQSGAEVKKPGASVKVSCKASGYKFTDSEMHWVRQAPGQGLEWIGGVDPETEGAAYNQKFKGRATITRDTSTSTAYLELSSLRSEDTAVYYCTRGYDYDYALDYWGQGTLVTVSS,DIQMTQSPSSLSASVGDRVTITCRASSSVEFIHWYQQKPGKAPKPLISATSNLASGVPSRFSGSGSGTDFTLTISSLQPEDFATYYCQQWSSAPWTFGQGTKVEIK,7sjm,HL
Galvokimig1,IL17A and IL17F;ALB,EVQLVESGGGLVQPGGSLRLSCAASGFTFSDYNMAWVRQAPGKGLEWVATITYEGRNTYYRDSVKGRFTISRDNAKNSLYLQMNSLRAEDTAVYYCASPPQYYEGSIYRLWFAHWGQGTLVTVSS,AIQLTQSPSSLSASVGDRVTITCRADESVRTLMHWYQQKPGKAPKLLIYLVSNSEIGVPDRFSGSGSGTDFRLTISSLQPEDFATYYCQQTWSDPWTFGQGTKVEIK,8ruu,BC
Gantenerumab,APP,QVELVESGGGLVQPGGSLRLSCAASGFTFSSYAMSWVRQAPGKGLEWVSAINASGTRTYYADSVKGRFTISRDNSKNTLYLQMNSLRAEDTAVYYCARGKGNTHKPYGYVRYFDVWGQGTLVTVSS,DIVLTQSPATLSLSPGERATLSCRASQSVSSSYLAWYQQKPGQAPRLLIYGASSRATGVPARFSGSGSGTDFTLTISSLEPEDFATYYCLQIYNMPITFGQGTKVEIK,5csz,HL
Garadacimab,F12,EVQLLESGGGLVQPGGSLRLSCAASGFTFSKYIMQWVRQAPGKGLEWVSGIDIPTKGTVYADSVKGRFTISRDNSKNTLYLQMNSLRAEDTAVYYCARALPRSGYLISPHYYYYALDVWGQGTTVTVSS,QSVLTQPPSASGTPGQRVTISCSGSSSNIGRNYVYWYQQLPGTAPKLLIYSNNQRPSGVPDRFSGSKSGTSASLAISGLRSEDEADYYCAAWDASLRGVFGGGTKLTVL,8r8d,HL
Gatralimab,CD52,EVQLVESGGGLVQPGGSLRLSCAASGFPFSNYWMNWVRQAPGKGLEWVGQIRLKSNNYATHYAESVKGRFTISRDDSKNSLYLQMNSLKTEDTAVYYCTPIDYWGQGTTVTVSS,DIVMTQTPLSLSVTPGQPASISCKSSQSLLYSNGKTYLNWVLQKPGQSPQRLIYLVSKLDSGVPDRFSGSGSGTDFTLKISRVEAEDVGVYYCVQGSHFHTFGQGTKLEIK,6obd,HL
Gedivumab,Influenza A HA,EVQLVESGGGVVQPGKSLRLSCAASGLTFSSYAVHWVRQAPGKGLEWVTLISYDGANQYYADSVKGRFTISRDNSKNTVYLQMNSLRPEDTAVYYCAVPGPVFGIFPPWSYFDNWGQGILVTVSS,EIVLTQSPATLSVSPGERATLSCRASQVISHNLAWYQQKPGQAPRLLIYGASTRASGIPARFSGSGSGTDYTLTITSLQSEDFAVYYCQHYSNWPPRLTFGGGTKVEIK,4kvn,HL
Gefurulimab,C5;ALB,EVQLVESGGGLVKPGGSLRLSCAASGRPVSNYAAAWFRQAPGKEREFVSAINWQKTATYADSVKGRFTISRDNAKNSLYLQMNSLRAEDTAVYYCAAVFRVVAPKTQYDYDYWGQGTLVTVSS,na,8coh,A
Gemtuzumab,SIGLEC3/CD33/p67,EVQLVQSGAEVKKPGSSVKVSCKASGYTITDSNIHWVRQAPGQSLEWIGYIYPYNGGTDYNQKFKNRATLTVDNPTNTAYMELSSLRSEDTAFYYCVNGNPWLAYWGQGTLVTVSS,DIQLTQSPSTLSASVGDRVTITCRASESLDNYGIRFLTWFQQKPGKAPKLLMYAASNQGSGVPSRFSGSGSGTEFTLTISSLQPDDFATYYCQQTKEVPWSFGQGTKVEVK,8w70,BA
Gevokizumab,IL1B,QVQLQESGPGLVKPSQTLSLTCSFSGFSLSTSGMGVGWIRQPSGKGLEWLAHIWWDGDESYNPSLKSRLTISKDTSKNQVSLKITSVTAADTAVYFCARNRYDPPWFVDWGQGTLVTVSS,DIQMTQSTSSLSASVGDRVTITCRASQDISNYLSWYQQKPGKAVKLLIYYTSKLHSGVPSRFSGSGSGTDYTLTISSLQQEDFATYFCLQGKMLPWTFGQGTKLEIK,4g6k,HL
Ginisortamab,GREM1,QVQLVESGAEVKKPGATVKISCKVSGYTFTDYYMHWVQQAPGKGLEWMGLVDPEDGETIYAEKFQGRVTITADTSTDTAYMELSSLRSEDTAVYYCATDARGSGSYYPNHFDYWGQGTLVTVSS,DIVMTQSPDSLAVSLGERATINCKSSQSVLYSSNNKNYLAWYQQKPGQPPKLLIYWASTRESGVPDRFSGSGSGTDFTLTINSLQAEDVAVYFCQQYYDTPTFGQGTRLEIK,8b7h,HL
Glenzocimab,GP6,QVQLVQSGAEVKKPGASVKVSCKASGYTFTSYNMHWVRQAPGQGLEWMGGIYPGNGDTSYNQKFQGRVTMTRDTSTSTVYMELSSLRSEDTAVYYCARGTVVGDWYFDVWGQGTLVTVSS,DIQMTQSPSSLSASVGDRVTITCRSSQSLENSNGNTYLNWYQQKPGKAPKLLIYRVSNRFSGVPSRFSGSGSGTDFTFTISSLQPEDIATYYCLQLTHVPWTFGQGTKVEIT,7r58,HL
Glofitamab,CD3E;MS4A1/CD20,EVQLLESGGGLVQPGGSLRLSCAASGFTFSTYAMNWVRQAPGKGLEWVSRIRSKYNNYATYYADSVKGRFTISRDDSKNTLYLQMNSLRAEDTAVYYCVRHGNFGNSYVSWFAYWGQGTLVTVSS,QAVVTQEPSLTVSPGGTVTLTCGSSTGAVTTSNYANWVQEKPGQAFRGLIGGTNKRAPGTPARFSGSLLGGKAALTLSGAQPEDEAEYYCALWYSNLWVFGGGTKLTVL,3pp3,HL
Gocatamig1,CD3E;ALB,EVQLVESGGGLVQPGGSLKLSCAASGFTFNKYAINWVRQAPGKGLEWVARIRSKYNNYATYYADQVKDRFTISRDDSKNTAYLQMNNLKTEDTAVYYCVRHANFGNSYISYWAYWGQGTLVTVSS,QTVVTQEPSLTVSPGGTVTLTCASSTGAVTSGNYPNWVQQKPGQAPRGLIGGTKFLVPGTPARFSGSLLGGKAALTLSGVQPEDEAEYYCTLWYSNRWVFGGGTKLTVL,8z8v,B
Golimumab,TNF/TNFA,QVQLVESGGGVVQPGRSLRLSCAASGFIFSSYAMHWVRQAPGNGLEWVAFMSYDGSNKKYADSVKGRFTISRDNSKNTLYLQMNSLRAEDTAVYYCARDRGIAAGGNYYYYGMDVWGQGTTVTVSS,EIVLTQSPATLSLSPGERATLSCRASQSVYSYLAWYQQKPGQAPRLLIYDASNRATGIPARFSGSGSGTDFTLTISSLEPEDFAVYYCQQRSNWPPFTFGPGTKVDIK,5yoy,RO
Golocdacimab,OLR1/LOX1,QVQLVQSGAEVKKPGASVKVSCKVSGYTLTELSMHWVRQAPGKGLEWMGGFDPEDFKYHTHQKFQGRVTMTEDTSTDTAYMELSSLRSEDTAVYYCALVWGTQGKGVRGWDYYYGMDVWGQGTTVTVSS,QSVVTQPPSVSGAPGQRVTISCTGSSSNIGAGYDVHWYQQLPGTAPKLLIYGNSNRPSGVPDRFSGSKSGTSASLAITGLQAEDEADYYCQSYDSSLSGWVFGGGTKLTVL,7r8u,HL
Gotistobart,CTLA4/CD152,QVQLQESGPGLVKPSETLSLTCTVSGFSLTSYGLSWIRQPPGKGLEWIGYIWYDGNTNFHSPLKSRVTISVDTSKNQFSLKLSSVTAADTAVYYCAKTEGHYYGSNYGYYALDYWGQGTLVTVSS,DIQMTQSPSSLSASVGDRVTITCRASENIYSNLAWYQQKQGKAPKLLLYAATNLQDGVPSRFSGSGSGTDYTLTISSLQPEDFATYFCQHLWGTPYTFGQGTKLEIK,6xy2,HL
Gremubamab,PcrV type III secretion system;Polysaccharide synthesis locus (Pseudomonas),EVQLLESGGGLVQPGGSLRLSCAASGFTFSSYAMNWVRQAPGKGLEWVSAITMSGITAYYTDDVKGRFTISRDNSKNTLYLQMNSLRAEDTAVYYCAKEEFLPGTHYYYGMDVWGQGTTVTVSS,AIQMTQSPSSLSASVGDRVTITCRASQGIRNDLGWYQQKPGKAPKLLIYSASTLQSGVPSRFSGSGSGTDFTLTISSLQPEDFATYYCLQDYNYPWTFGQGTKVEIK,6cyf,FE
Guselkumab,IL23A,EVQLVQSGAEVKKPGESLKISCKGSGYSFSNYWIGWVRQMPGKGLEWMGIIDPSNSYTRYSPSFQGQVTISADKSISTAYLQWSSLKASDTAMYYCARWYYKPFDVWGQGTLVTVSS,QSVLTQPPSVSGAPGQRVTISCTGSSSNIGSGYDVHWYQQLPGTAPKLLIYGNSKRPSGVPDRFSGSKSGTSASLAITGLQSEDEADYYCASWTDGLSLVVFGGGTKLTVL,4m6m,HL
Ibalizumab,CD4,QVQLQQSGPEVVKPGASVKMSCKASGYTFTSYVIHWVRQKPGQGLDWIGYINPYNDGTDYDEKFKGKATLTSDTSTSTAYMELSSLRSEDTAVYYCAREKDNYATGAWFAYWGQGTLVTVSS,DIVMTQSPDSLAVSLGERVTMNCKSSQSLLYSTNQKNYLAWYQQKPGQSPKLLIYWASTRESGVPDRFSGSGSGTDFTLTISSVQAEDVAVYYCQQYYSYRTFGGGTKLEIK,3o2d,HL
Ibritumomab,MS4A1/CD20,QAYLQQSGAELVRPGASVKMSCKASGYTFTSYNMHWVKQTPRQGLEWIGAIYPGNGDTSYNQKFKGKATLTVDKSSSTAYMQLSSLTSEDSAVYFCARVVYYSNSYWYFDVWGTGTTVTVSA,QIVLSQSPAILSASPGEKVTMTCRASSSVSYMHWYQQKPGSSPKPWIYAPSNLASGVPARFSGSGSGTSYSLTISRVEAEDAATYYCQQWSFNPPTFGAGTKLELK,3bky,HL
Idarucizumab,Dabigatran,QVQLQESGPGLVKPSETLSLTCTVSGFSLTSYIVDWIRQPPGKGLEWIGVIWAGGSTGYNSALRSRVSITKDTSKNQFSLKLSSVTAADTAVYYCASAAYYSYYNYDGFAYWGQGTLVTVSS,DVVMTQSPLSLPVTLGQPASISCKSSQSLLYTDGKTYLYWFLQRPGQSPRRLIYLVSKLDSGVPDRFSGSGSGTDFTLKISRVEAEDVGVYYCLQSTHFPHTFGGGTKVEIK,4jn2,HL
Imalumab,MIF,EVQLLESGGGLVQPGGSLRLSCAASGFTFSIYSMNWVRQAPGKGLEWVSSIGSSGGTTYYADSVKGRFTISRDNSKNTLYLQMNSLRAEDTAVYYCAGSQWLYGMDVWGQGTTVTVSS,DIQMTQSPSSLSASVGDRVTITCRSSQRIMTYLNWYQQKPGKAPKLLIFVASHSQSGVPSRFRGSGSETDFTLTISGLQPEDSATYYCQQSFWTPLTFGGGTKVEIK,6foe,HL
Infliximab,TNF/TNFA,EVKLEESGGGLVQPGGSMKLSCVASGFIFSNHWMNWVRQSPEKGLEWVAEIRSKSINSATHYAESVKGRFTISRDDSKSAVYLQMTDLRTEDTGVYYCSRNYYGSTYDYWGQGTTLTVSS,DILLTQSPAILSVSPGERVSFSCRASQFVGSSIHWYQQRTNGSPRLLIKYASESMSGIPSRFSGSGSGTDFTLSINTVESEDIADYYCQQSHSWPFTFGSGTNLEVK,5vh3,HL
Invikafusp,TRBV6&TRBV10,QVQLVQSGAEVKKPGSSVKVSCKASGHDFRLTYIHWVRQAPGQGLEWMGRVSAGSGNVKYNEKFKGRVTITADTSTSTAYMELSSLRSEDTAVYYCAVSYYSYDVLDYWGQGTTVTVSS,DIQMTQSPSFLSASVGDRVTITCKASQNVADRVVWHQQKPGKAPKALIYSSSHRYKGVPSRFSGSGSGTEFTLTISSLQPEDFATYFCQQFKSYPLTFGQGTKLEIK,8tfn,HL
Ipilimumab,CTLA4/CD152,QVQLVESGGGVVQPGRSLRLSCAASGFTFSSYTMHWVRQAPGKGLEWVTFISYDGNNKYYADSVKGRFTISRDNSKNTLYLQMNSLRAEDTAIYYCARTGWLGPFDYWGQGTLVTVSS,EIVLTQSPGTLSLSPGERATLSCRASQSVGSSYLAWYQQKPGQAPRLLIYGAFSRATGIPDRFSGSGSGTDFTLTISRLEPEDFAVYYCQQYGSSPWTFGQGTKVEIK,5tru,HL
Isatuximab,ADPRC1/CD38,QVQLVQSGAEVAKPGTSVKLSCKASGYTFTDYWMQWVKQRPGQGLEWIGTIYPGDGDTGYAQKFQGKATLTADKSSKTVYMHLSSLASEDSAVYYCARGDYYGSNSLDYWGQGTSVTVSS,DIVMTQSHLSMSTSLGDPVSITCKASQDVSTVVAWYQQKPGQSPRRLIYSASYRYIGVPDRFTGSGAGTDFTFTISSVQAEDLAVYYCQQHYSPPYTFGGGTKLEIK,4cmh,BC
Isecarosmab,ADAMTSL5;ALB,DVQLVESGGGVVQPGGSLRLSCAASGRTVSSYAMGWFRQAPGKEREFVAGISRSAERTYYVDSLKGRFTISRDNSKNTVYLQMNSLRPEDTALYYCAADLDPNRIFSREEYAYWGQGTLVTVSS,na,8z8v,B
Itanistomig,PDL1/CD274;IAP/CD47,QVQLVQSGAEVKKPGSSVKVSCKTSGDTFSTYAISWVRQAPGQGLEWMGGIIPIFGKAHYAQKFQGRVTITADESTSTAYMELSSLRSEDTAVYFCARKFHFVSGSPFGMDVWGQGTTVTVSS,EIVLTQSPATLSLSPGERATLSCRASQSVSSYLAWYQQKPGQAPRLLIYDASNRATGIPARFSGSGSGTDFTLTISSLEPEDFAVYYCQQRSNWPTFGQGTKVEIK,5ggt,HL;None
Ivonescimab,VEGFA;PDCD1/CD279/PD1,EVQLVESGGGLVQPGGSLRLSCAASGYTFTNYGMNWVRQAPGKGLEWVGWINTYTGEPTYAADFKRRFTFSLDTSKSTAYLQMNSLRAEDTAVYYCAKYPHYYGSSHWYFDVWGQGTLVTVSS,DIQMTQSPSSLSASVGDRVTITCSASQDISNYLNWYQQKPGKAPKVLIYFTSSLHSGVPSRFSGSGSGTDFTLTISSLQPEDFATYYCQQYSTVPWTFGQGTKVEIK,1bj1,HL
Ixekizumab,IL17A,QVQLVQSGAEVKKPGSSVKVSCKASGYSFTDYHIHWVRQAPGQGLEWMGVINPMYGTTDYNQRFKGRVTITADESTSTAYMELSSLRSEDTAVYYCARYDYFTGTGVYWGQGTLVTVSS,DIVMTQTPLSLSVTPGQPASISCRSSRSLVHSRGNTYLHWYLQKPGQSPQLLIYKVSNRFIGVPDRFSGSGSGTDFTLKISRVEAEDVGVYYCSQSTHLPFTFGQGTKLEIK,6nov,AB
Izalontamab,EGFR/ERBB1/HER1;ERBB3/HER3,QVQLKQSGPGLVQPSQSLSITCTVSGFSLTNYGVHWVRQSPGKGLEWLGVIWSGGNTDYNTPFTSRLSINKDNSKSQVFFKMNSLQSNDTAIYYCARALTYYDYEFAYWGQGTLVTVSS,DILLTQSPVILSVSPGERVSFSCRASQSIGTNIHWYQQRTNGSPRLLIKYASESISGIPSRFSGSGSGTDFTLSINSVESEDIADYYCQQNNNWPTTFGAGTKLELK,5etu,DC
Lampalizumab,CFD,EVQLVQSGPELKKPGASVKVSCKASGYTFTNYGMNWVRQAPGQGLEWMGWINTYTGETTYADDFKGRFVFSLDTSVSTAYLQISSLKAEDTAVYYCEREGGVNNWGQGTLVTVSS,DIQVTQSPSSLSASVGDRVTITCITSTDIDDDMNWYQQKPGKVPKLLISGGNTLRPGVPSRFSGSGSGTDFTLTISSLQPEDVATYYCLQSDSLPYTFGQGTKVEIK,4d9q,HL
Lanadelumab,KLKB1,EVQLLESGGGLVQPGGSLRLSCAASGFTFSHYIMMWVRQAPGKGLEWVSGIYSSGGITVYADSVKGRFTISRDNSKNTLYLQMNSLRAEDTAVYYCAYRRIGVPRRDEFDIWGQGTMVTVSS,DIQMTQSPSTLSASVGDRVTITCRASQSISSWLAWYQQKPGKAPKLLIYKASTLESGVPSRFSGSGSGTEFTLTISSLQPDDFATYYCQQYNTYWTFGQGTKVEIK,4pub,HL
Larcaviximab,Zaire Ebolavirus Glycoprotein,EVQLQESGPELEMPGASVKISCKASGSSFTGFSMNWVKQSNGKSLEWIGNIDTYYGGTTYNQKFKGKATLTVDKSSSTAYMQLKSLTSEDSAVYYCARSAYYGSTFAYWGQGTLVTVSA,DIQMTQSPASLSASVGETVTITCRASENIYSYLAWYQQKQGKSPQLLVYNAKTLIEGVPSRFSGSGSGTQFSLKINSLQPEDFGSYFCQHHFGTPFTFGSGTELEIK,5ken,CD
Lebrikizumab,IL13,QVTLRESGPALVKPTQTLTLTCTVSGFSLSAYSVNWIRQPPGKALEWLAMIWGDGKIVYNSALKSRLTISKDTSKNQVVLTMTNMDPVDTATYYCAGDGYYPYAMDNWGQGSLVTVSS,DIVMTQSPDSLSVSLGERATINCRASKSVDSYGNSFMHWYQQKPGQPPKLLIYLASNLESGVPDRFSGSGSGTDFTLTISSLQAEDVAVYYCQQNNEDPRTFGGGTKVEIK,4i77,HL
Lexatumumab,TNFRSF10B/CD262/DR5/TRAILR2,EVQLVQSGGGVERPGGSLRLSCAASGFTFDDYGMSWVRQAPGKGLEWVSGINWNGGSTGYADSVKGRVTISRDNAKNSLYLQMNSLRAEDTAVYYCAKILGAGRGWYFDLWGKGTTVTVSS,SSELTQDPAVSVALGQTVRITCQGDSLRSYYASWYQQKPGQAPVLVIYGKNNRPSGIPDRFSGSSSGNTASLTITGAQAEDEADYYCNSRDSSGNHVVFGGGTKLTVL,4od2,BA
Libevitug,Hepatitis B Virus Surface Antigen,QVQLQQSGPGLVKPSQTLSLTCAISGDSVSSNSAAWNWIRQSPSRGLEWLGRTYYRSKWYNDYAVSVKSRITINPDTSKNQFSLQLNSVTPEDTAVYYCARGTRWGMDVWGQGTLVTVSS,QSVLTQPPSASGTPGQRVTISCSGSSSNIGSYYVYWYQQLPGTAPKLLIYGNNQRPSGVPDRFSGSKSGTSASLAITGLQAEDEADYYCQSYDSSLSGVIFGGGTKLTVL,5yax,AA
Ligelizumab,IGHE,QVQLVQSGAEVMKPGSSVKVSCKASGYTFSWYWLEWVRQAPGHGLEWMGEIDPGTFTTNYNEKFKARVTFTADTSTSTAYMELSSLRSEDTAVYYCARFSHFSGSNYDYFDYWGQGTLVTVSS,EIVMTQSPATLSVSPGERATLSCRASQSIGTNIHWYQQKPGQAPRLLIYYASESISGIPARFSGSGSGTEFTLTISSLQSEDFAVYYCQQSWSWPTTFGGGTKVEIK,6uqr,AA
Lirentelimab,SIGLEC8/SAF2,EVQLVESGGGLVQPGGSLRLSCAASGFSLTIYGAHWVRQAPGKGLEWVGVIWAGGSTNYNSALMSRFTISKDNSKNTVYLQMNSLRAEDTAVYYCARDGSSPYYYSMEYWGQGTTVTVSS,EIVLTQSPATLSLSPGERATLSCSATSSVSYMHWFQQKPGQAPRLLIYSTSNLASGIPARFSGSGSGTDFTLTISSLEPEDFAVYYCQQRSSYPFTFGPGTKLDIK,7quh,HL
Lirilumab,KIRD2,QVQLVQSGAEVKKPGSSVKVSCKASGGTFSFYAISWVRQAPGQGLEWMGGFIPIFGAANYAQKFQGRVTITADESTSTAYMELSSLRSDDTAVYYCARIPSGSYYYDYDMDVWGQGTTVTVSS,EIVLTQSPVTLSLSPGERATLSCRASQSVSSYLAWYQQKPGQAPRLLIYDASNRATGIPARFSGSGSGTDFTLTISSLEPEDFAVYYCQQRSNWMYTFGQGTKLEIK,8tui,HL
Loncastuximab,CD19,QVQLVQPGAEVVKPGASVKLSCKTSGYTFTSNWMHWVKQAPGQGLEWIGEIDPSDSYTNYNQNFQGKAKLTVDKSTSTAYMEVSSLRSDDTAVYYCARGSNPYYYAMDYWGQGTSVTVSS,EIVLTQSPAIMSASPGERVTMTCSASSGVNYMHWYQQKPGTSPRRWIYDTSKLASGVPARFSGSGSGTSYSLTISSMEPEDAATYYCHQRGSYTFGGGTKLEIK,6ani,HL
Lorigerlimab,PDCD1/CD279/PD1;CTLA4/CD152,QVQLVQSGAEVKKPGASVKVSCKASGYSFTSYWMNWVRQAPGQGLEWIGVIHPSDSETWLDQKFKDRVTITVDKSTSTAYMELSSLRSEDTAVYYCAREHYGTSPFAYWGQGTLVTVSS,EIVLTQSPATLSLSPGERATLSCRASESVDNYGMSFMNWFQQKPGQPPKLLIHAASNQGSGVPSRFSGSGSGTDFTLTISSLEPEDFAVYFCQQSKEVPYTFGGGTKVEIK,5xj3,AB
Lorukafusp,Ganglioside GD2,EVQLVQSGAEVEKPGASVKISCKASGSSFTGYNMNWVRQNIGKSLEWIGAIDPYYGGTSYNQKFKGRATLTVDKSTSTAYMHLKSLRSEDTAVYYCVSGMEYWGQGTSVTVSS,DVVMTQTPLSLPVTPGEPASISCRSSQSLVHRNGNTYLHWYLQKPGQSPKLLIHKVSNRFSGVPDRFSGSGSGTDFTLKISRVEAEDLGVYFCSQSTHVPPLTFGAGTKLELK,4tuj,CD
Lotivibart,HIV-1 gp120,RAHLVQSGTAMKKPGASVRVSCQTSGYTFTAHILFWFRQAPGRGLEWVGWIKPQYGAVNFGGGFRDRVTLTRDVYREIAYMDIRGLKPDDTAVYYCARDRSYGDSSWALDAWGQGTTVVVSA,YIHVTQSPSSLSVSIGDRVTINCQTSQGVGSDLHWYQHKPGRAPKLLIHHTSSVEDGVPSRFSGSGFHTSFNLTISDLQADDIATYYCQVLQFFGRGSRLHIK,5te4,HL
Lumiliximab,FCER2/CD23,EVQLVESGGGLAKPGGSLRLSCAASGFRFTFNNYYMDWVRQAPGQGLEWVSRISSSGDPTWYADSVKGRFTISRENANNTLFLQMNSLRAEDTAVYYCASLTTGSDSWGQGVLVTVSS,DIQMTQSPSSLSASVGDRVTITCRASQDIRYYLNWYQQKPGKAPKLLIYVASSLQSGVPSRFSGSGSGTEFTLTVSSLQPEDFATYYCLQVYSTPRTFGQGTKVEIK,3fzu,HL
Lumretuzumab,ERBB3/HER3,QVQLVQSGAEVKKPGASVKVSCKASGYTFRSSYISWVRQAPGQGLEWMGWIYAGTGSPSYNQKLQGRVTMTTDTSTSTAYMELRSLRSDDTAVYYCARHRDYYSNSLTYWGQGTLVTVSS,DIVMTQSPDSLAVSLGERATINCKSSQSVLNSGNQKNYLTWYQQKPGQPPKLLIYWASTRESGVPDRFSGSGSGTDFTLTISSLQAEDVAVYYCQSDYSYPYTFGQGTKLEIK,4leo,AB
Lunsekimig2,TSLP;ALB,EVQLVESGGGVVQPGGSLRLSCAASGSGFGVNILYWYRQAAGIERELIASITSGGITNYVDSVKGRFTISRDNSENTMYLQMNSLRAEDTGLYYCASRNIFDGTTEWGQGTLVTVSS,na,8oi2,B
Luvagrobart,NGF,QVQLQESGPGLVKPSETLSLTCTVSGFDLSGYDLNWIRQPPGKGLEWIGIVWGDGSSDYNSAVKSRVTISKDTSKNQFSLKLSSVTAADTAVYYCVRGGYWYATSYYFDYWGQGTLVTVSS,DIQMTQSPSSLSASVGDRVTITCRASESISSNLNWYQQKPGKAPKLLIYYTSRFHSGVPSRFSGSGSGTDFTFTISSLQPEDIATYYCQQEHTLPFTFGQGTKLEIK,4edw,HL
Maftivimab,Zaire Ebolavirus Glycoprotein,EVQLVESGGGLVQPGGSLRLSCAASGFTSSSYAMNWVRQAPGKGLEWVSTISGMGGSTYYADSVKGRFTISRDNSKNTLYLQMNSLRAEDTAVYYCAKRGYPHSFDIWGQGTMVTVSS,DIQMTQSPSSLSASVGDRVTITCRASQSISSFLNWYQQKPGKAPKLLIYAASSLQSGVPSRFSGSGSGTDFTLTISSLQPEDFATYYCQQSYSTLTFGQGTRLEIK,7tn9,QR
Magrolimab,IAP/CD47,QVQLVQSGAEVKKPGASVKVSCKASGYTFTNYNMHWVRQAPGQRLEWMGTIYPGNDDTSYNQKFKDRVTITADTSASTAYMELSSLRSEDTAVYYCARGGYRAMDYWGQGTLVTVSS,DIVMTQSPLSLPVTPGEPASISCRSSQSIVYSNGNTYLGWYLQKPGQSPQLLIYKVSNRFSGVPDRFSGSGSGTDFTLKISRVEAEDVGVYYCFQGSHVPYTFGQGTKLEIK,5iwl,AA
Maridebart,GIPR,QVQLVESGGGVVQPGRSLRLSCAASGFTFSNYGMHWVRQAPGEGLEWVAAIWFDASDKYYADAVKGRFTISRDNSKNTLYLQMNSLRAEDTAVYYCARDQAIFGVVPDYWGQGTLVTVSS,EIVMTQSPATLSVSPGERATLSCRASQSVSSNLAWYQQKPGQAPRLLIYGAATRATGIPARVSGSGSGTEFTLTISSLQSEDFAVYYCQQYNNWPLTFGGGTKVEIK,6dkj,HL
Masavibart,SARS-CoV-2 Spike RBD,QVQLVESGGGVVQPGRSLRLSCAASGFTFSNYAMYWVRQAPGKGLEWVAVISYDGSNKYYADSVKGRFTISRDNSKNTLYLQMNSLRTEDTAVYYCASGSDYGDYLLVYWGQGTLVTVSS,QSALTQPASVSGSPGQSITISCTGTSSDVGGYNYVSWYQQHPGKAPKLMIYDVSKRPSGVSNRFSGSKSGNTASLTISGLQSEDEADYYCNSLTSISTWVFGGGTKLTVL,6xdg,CA
Matuzumab,EGFR/ERBB1/HER1,QVQLVQSGAEVKKPGASVKVSCKASGYTFTSHWMHWVRQAPGQGLEWIGEFNPSNGRTNYNEKFKSKATMTVDTSTNTAYMELSSLRSEDTAVYYCASRDYDYDGRYFDYWGQGTLVTVSS,DIQMTQSPSSLSASVGDRVTITCSASSSVTYMYWYQQKPGKAPKLLIYDTSNLASGVPSRFSGSGSGTDYTFTISSLQPEDIATYYCQQWSSHIFTFGQGTKVEIK,3c08,HL
Melredableukin,Non-Binding,EVQLLESGGGLVQPGGSLRLSCAASGFTFSSYAMSWVRQAPGKGLEWVSAISGSGGSTYYADSVKGRFTISRDNSKNTLYLQMNSLRAEDTAVYYCAKGSGFDYWGQGTLVTVSS,EIVLTQSPGTLSLSPGERATLSCRASQSVSSSYLAWYQQKPGQAPRLLIYGASSRATGIPDRFSGSGSGTDFTLTISRLEPEDFAVYYCQQYGSSPLTFGQGTKVEIK,6ghg,HL
Metelimumab,TGFB1,EVQLVESGGGVVQPGRSLRLSCAASGFTFSSYGMHWVRQAPGKELEWVAVISYDGSIKYYADSVKGRFTISRDNSKNTLYLQMNSLRAEDTAVYYCARTGEYSGYDTDPQYSWGQGTTVTVSS,EIVLTQSPSSLSASVGDRVTITCRASQGIGDDLGWYQQKPGKAPILLIYGTSTLQSGVPSRFSGSGSGTDFTLTINSLQPEDFATYYCLQDSNYPLTFGGGTRLEIK,6amj,HL
Mevonlerbart,Fel d 1,EVQLVESGGGLVQPGGSLRLSCAASGFTFSSYAMSWVRQAPGKGLEWVSAISGRGYNADYADSVKGRFTISRDNSKNTLYLQMNSLRAEDTAVYYCAKLEYFDYWGQGTLVTVSS,DIQMTQSPSTLSASVGDRVTITCRASQSISSWLAWYQQKPGKAPKLLIYKASSLESGVPSRFSGSGSGTDFTLTISSLRPEDFATYYCQQYNSYPLTFGGGTKVEIK,5vyf,HL
Micvotabart,FN extracellular domain B,EVQLLESGGGLVQPGGSLRLSCAASGFTFSSFSMSWVRQAPGKGLEWVSSISGSSGTTYYADSVKGRFTISRDNSKNTLYLQMNSLRAEDTAVYYCARPFPYFDYWGQGTLVTVSS,EIVLTQSPGTLSLSPGERATLSCRASQSVSSSFLAWYQQKPGQAPRLLIYYASSRATGIPDRFSGSGSGTDFTLTISRLEPEDFAVYYCQQTGRIPPTFGQGTKVEIK,7ah1,AA
Mosunetuzumab,CD3E;MS4A1/CD20,EVQLVQSGAEVKKPGASVKVSCKASGYTFTNYYIHWVRQAPGQGLEWIGWIYPGDGNTKYNEKFKGRATLTADTSTSTAYLELSSLRSEDTAVYYCARDSYSNYYFDYWGQGTLVTVSS,DIVMTQSPDSLAVSLGERATINCKSSQSLLNSRTRKNYLAWYQQKPGQPPKLLIYWASTRESGVPDRFSGSGSGTDFTLTISSLQAEDVAVYYCTQSFILRTFGQGTKVEIK,4k7p,YX
Motavizumab,Respiratory Syncytial Virus Glycoprotein F,QVTLRESGPALVKPTQTLTLTCTFSGFSLSTAGMSVGWIRQPPGKALEWLADIWWDDKKHYNPSLKDRLTISKDTSKNQVVLKVTNMDPADTATYYCARDMIFNFYFDVWGQGTTVTVSS,DIQMTQSPSTLSASVGDRVTITCSASSRVGYMHWYQQKPGKAPKLLIYDTSKLASGVPSRFSGSGSGTEFTLTISSLQPDDFATYYCFQGSGYPFTFGGGTKVEIK,3qwo,AB
Muromonab,CD3E,QVQLQQSGAELARPGASVKMSCKASGYTFTRYTMHWVKQRPGQGLEWIGYINPSRGYTNYNQKFKDKATLTTDKSSSTAYMQLSSLTSEDSAVYYCARYYDDHYCLDYWGQGTTLTVSS,QIVLTQSPAIMSASPGEKVTMTCSASSSVSYMNWYQQKSGTSPKRWIYDTSKLASGVPAHFRGSGSGTSYSLTISGMEAEDAATYYCQQWSSNPFTFGSGTKLEIN,1sy6,HL
Natalizumab,ITGA4/CD49D,QVQLVQSGAEVKKPGASVKVSCKASGFNIKDTYIHWVRQAPGQRLEWMGRIDPANGYTKYDPKFQGRVTITADTSASTAYMELSSLRSEDTAVYYCAREGYYGNYGVYAMDYWGQGTLVTVSS,DIQMTQSPSSLSASVGDRVTITCKTSQDINKYMAWYQQTPGKAPRLLIHYTSALQPGIPSRFSGSGSGRDYTFTISSLQPEDIATYYCLQYDNLWTFGQGTKVEIK,4irz,HL
Navenibart,KLKB1,QVQLVQSGAEVKKPGSSVKVSCKASGYAFSSYWMNWVRQAPGQGLEWIGQIYPGDDDTNYNAKFQGRVTITVDKSTTTAYMELSSLRSEDTAVYFCAGSLMVTTGAPFDYWGQGTTVTVSS,DIQMTQSPSSLSASVGDRVTITCKASQDVGIAVAWYQQKPGKAPKFLIYYASHRGWGVPDRFSGSGSGTDFTLTISSLQPEDFATYFCQQYRSYPLTFGQGTKLEIK,8fgx,BA
Navivumab,Influenza A HA,QVQLVQSGAEVKKPGASVKVSCKTSGYSFSTYGVSWVRQAPGQGPEWVGWISAYTGITDYAQKFQGRVTLTTDATTATAFLDLRSLRPDDTATYFCARDKVQGRVEVGSGGRHDYWGQGTLVIVSS,EVVLTQSPGTLALPPGERATLSCRASHRVGSTYIAWYQQKSGQAPRRLIYGASNRATDIPDRFSGSGSGTDFTLTIRRLEPEDSAVYYCQQFSVSPWTFGQGTRVEIK,4r8w,HL
Necitumumab,EGFR/ERBB1/HER1,QVQLQESGPGLVKPSQTLSLTCTVSGGSISSGDYYWSWIRQPPGKGLEWIGYIYYSGSTDYNPSLKSRVTMSVDTSKNQFSLKVNSVTAADTAVYYCARVSIFGVGTFDYWGQGTLVTVSS,EIVMTQSPATLSLSPGERATLSCRASQSVSSYLAWYQQKPGQAPRLLIYDASNRATGIPARFSGSGSGTDFTLTISSLEPEDFAVYYCHQYGSTPLTFGGGTKAEIK,6b3s,JK
Nesfrotamig,ERBB2/CD340/HER2;TNFRSF9/CD137/4-1BB,EVQLVESGGGLVQPGGSLRLSCAASGFNIKDTYIHWVRQAPGKGLEWVARIYPTNGYTRYADSVKGRFTISADTSKNTAYLQMNSLRAEDTAVYYCSRWGGDGFYAMDYWGQGTLVTVSS,DIQMTQSPSSLSASVGDRVTITCRASQDVNTAVAWYQQKPGKAPKLLIYSASFLYSGVPSRFSGSRSGTDFTLTISSLQPEDFATYYCQQHYTTPPTFGQGTKVEIK,6bi0,HL
Nimotuzumab,EGFR/ERBB1/HER1,QVQLQQSGAEVKKPGSSVKVSCKASGYTFTNYYIYWVRQAPGQGLEWIGGINPTSGGSNFNEKFKTRVTITADESSTTAYMELSSLRSEDTAFYFCTRQGLWFDSDGRGFDFWGQGTTVTVSS,DIQMTQSPSSLSASVGDRVTITCRSSQNIVHSNGNTYLDWYQQTPGKAPKLLIYKVSNRFSGVPSRFSGSGSGTDFTFTISSLQPEDIATYYCFQYSHVPWTFGQGTKLQIT,3gkw,HL
Nipocalimab,FCGRT/FcRn,EVQLLESGGGLVQPGGSLRLSCAASGFTFSTYAMGWVRQAPGKGLEWVSSIGASGSQTRYADSVKGRFTISRDNSKNTLYLQMNSLRAEDTAVYYCARLAIGDSYWGQGTMVTVSS,QSALTQPASVSGSPGQSITISCTGTGSDVGSYNLVSWYQQHPGKAPKLMIYGDSERPSGVSNRFSGSKSGNTASLTISGLQAEDEADYYCSSYAGSGIYVFGTGTKVTVL,5whk,HL
Nirsevimab,Respiratory Syncytial Virus,QVQLVQSGAEVKKPGSSVMVSCQASGGLLEDYIINWVRQAPGQGPEWMGGIIPVLGTVHYGPKFQGRVTITADESTDTAYMELSSLRSEDTAMYYCATETALVVSETYLPHYFDNWGQGTLVTVSS,DIQMTQSPSSLSAAVGDRVTITCQASQDIVNYLNWYQQKPGKAPKLLIYVASNLETGVPSRFSGSGSGTDFSLTISSLQPEDVATYYCQQYDNLPLTFGGGTKVEIK,5udc,HL
Nivolumab,PDCD1/CD279/PD1,QVQLVESGGGVVQPGRSLRLDCKASGITFSNSGMHWVRQAPGKGLEWVAVIWYDGSKRYYADSVKGRFTISRDNSKNTLFLQMNSLRAEDTAVYYCATNDDYWGQGTLVTVSS,EIVLTQSPATLSLSPGERATLSCRASQSVSSYLAWYQQKPGQAPRLLIYDASNRATGIPARFSGSGSGTDFTLTISSLEPEDFAVYYCQQSSNWPRTFGQGTKVEIK,5ggq,HL
Nurulimab,CTLA4/CD152,EVQLVESGGGVVQPGRSLRLSCAASGFTFSSYTMHWVRQAPGKGLEWVTFISYDGNNKYYADSVKGRFTISRDNSKNTLYLQMNSLRAEDTAIYYCARTGWLGPFDYWGQGTLVTVSS,EIVLTQSPGTLSLSPGERATLSCRASQSVGSSYLAWYQQKPGQAPRLLIYGAFSRATGIPDRFSGSGSGTDFTLTISRLEPEDFAVYYCQQYGSSPWTFGQGTKVEIK,5xj3,AB
Obinutuzumab,MS4A1/CD20,QVQLVQSGAEVKKPGSSVKVSCKASGYAFSYSWINWVRQAPGQGLEWMGRIFPGDGDTDYNGKFKGRVTITADKSTSTAYMELSSLRSEDTAVYYCARNVFDGYWLVYWGQGTLVTVSS,DIVMTQTPLSLPVTPGEPASISCRSSKSLLHSNGITYLYWYLQKPGQSPQLLIYQMSNLVSGVPDRFSGSGSGTDFTLKISRVEAEDVGVYYCAQNLELPYTFGGGTKVEIK,3pp3,HL
Ociperlimab,TIGIT/WUCAM/VSTM3,EVQLVESGGGLVQPGGSLRLSCAASGFTFSDYYMYWVRQAPGKGLEWVAYITKGGGSTYYPDSVKGRFTISRDNAKNTLYLQMNSLRAEDTAVYYCARQTNYDFTMDYWGQGTLVTVSS,EIVMTQSPATLSVSPGERATLSCKASQDVGTSVAWYQQKPGQAPRLLIYWASARHTGIPARFSGSGSGTEFTLTISSLQSEDFAVYYCQQYSSYPLTFGGGTKVEIK,8jel,AB
Ocrelizumab,MS4A1/CD20,EVQLVESGGGLVQPGGSLRLSCAASGYTFTSYNMHWVRQAPGKGLEWVGAIYPGNGDTSYNQKFKGRFTISVDKSKNTLYLQMNSLRAEDTAVYYCARVVYYSNSYWYFDVWGQGTLVTVSS,DIQMTQSPSSLSASVGDRVTITCRASSSVSYMHWYQQKPGKAPKPLIYAPSNLASGVPSRFSGSGSGTDFTLTISSLQPEDFATYYCQQWSFNPPTFGQGTKVEIK,4k7p,YX
Odesivimab,Zaire Ebolavirus Glycoprotein,EVQLVESGGGLVQPGGSLRLSCAASGFTFSSYDMHWVRQATGKGLEWVSAIGTAGDTYYPGSVKGRFTISRENAKNSLYLQMNSLRAGDTAVYYCARTWFGELYFDYWGQGTLVTVSS,DIVMTQSPDSLAVSLGERATINCKSSQSVLYSSNNKNYLAWYQQKPGQPPKLLIYWASTRESGVPDRFSGSGSGTEFTLTITSLQAEDVAVYYCQQYYSSPLTFGGGTKVEIK,7tn9,QR
Ofatumumab,MS4A1/CD20,EVQLVESGGGLVQPGRSLRLSCAASGFTFNDYAMHWVRQAPGKGLEWVSTISWNSGSIGYADSVKGRFTISRDNAKKSLYLQMNSLRAEDTALYYCAKDIQYGNYYYGMDVWGQGTTVTVSS,EIVLTQSPATLSLSPGERATLSCRASQSVSSYLAWYQQKPGQAPRLLIYDASNRATGIPARFSGSGSGTDFTLTISSLEPEDFAVYYCQQRSNWPITFGQGTRLEIK,3giz,HL
Ogalvibart,SARS-CoV-2 Spike RBD,QVQLVESGGGVVQPGRSLRLSCAASGFTFSSYAMHWVRQAPGKGLEWVAVIPFDGRNKYYADSVTGRFTISRDNSKNTLYLQMNSLRAEDTAVYYCASSSGYLFHSDYWGQGTLVTVSS,DIQMTQSPSTLSASVGDRVTITCRASQSISNWLAWFQQKPGKAPKLLIYEASSLESGVPSRFSGSGSGTEFTLTISSLQPDDFATYYCQQYNSYPWTFGQGTKVEIK,7k8r,HL
Olokizumab,IL6,EVQLVESGGGLVQPGGSLRLSCAASGFNFNDYFMNWVRQAPGKGLEWVAQMRNKNYQYGTYYAESLEGRFTISRDDSKNSLYLQMNSLKTEDTAVYYCARESYYGFTSYWGQGTLVTVSS,DIQMTQSPSSLSASVGDRVTITCQASQDIGISLSWYQQKPGKAPKLLIYNANNLADGVPSRFSGSGSGTDFTLTISSLQPEDFATYYCLQHNSAPYTFGQGTKLEIK,4cni,HL
Omalizumab,IGHE,EVQLVESGGGLVQPGGSLRLSCAVSGYSITSGYSWNWIRQAPGKGLEWVASITYDGSTNYNPSVKGRITISRDDSKNTFYLQMNSLRAEDTAVYYCARGSHYFGHWHFAVWGQGTLVTVSS,DIQLTQSPSSLSASVGDRVTITCRASQSVDYDGDSYMNWYQQKPGKAPKLLIYAASYLESGVPSRFSGSGSGTDFTLTISSLQPEDFATYYCQQSHEDPYTFGQGTKVEIK,4x7s,HL
Omburtamab,B7H3/CD276,QVQLQQSGAELVKPGASVKLSCKASGYTFTNYDINWVRQRPEQGLEWIGWIFPGDGSTQYNEKFKGKATLTTDTSSSTAYMQLSRLTSEDSAVYFCARQTTATWFAYWGQGTLVTVSA,DIVMTQSPATLSVTPGDRVSLSCRASQSISDYLHWYQQKSHESPRLLIKYASQSISGIPSRFSGSGSGSDFTLSINSVEPEDVGVYYCQNGHSFPLTFGAGTKLELK,5cma,BA
Onartuzumab,MET/HGFR,EVQLVESGGGLVQPGGSLRLSCAASGYTFTSYWLHWVRQAPGKGLEWVGMIDPSNSDTRFNPNFKDRFTISADTSKNTAYLQMNSLRAEDTAVYYCATYRSYVTPLDYWGQGTLVTVSS,DIQMTQSPSSLSASVGDRVTITCKSSQSLLYTSSQKNYLAWYQQKPGKAPKLLIYWASTRESGVPSRFSGSGSGTDFTLTISSLQPEDFATYYCQQYYAYPWTFGQGTKVEIK,4k3j,HL
Onfekafusp,FN extracellular domain B,EVQLLESGGGLVQPGGSLRLSCAASGFTFSSFSMSWVRQAPGKGLEWVSSISGSSGTTYYADSVKGRFTISRDNSKNTLYLQMNSLRAEDTAVYYCAKPFPYFDYWGQGTLVTVSS,EIVLTQSPGTLSLSPGERATLSCRASQSVSSSFLAWYQQKPGQAPRLLIYYASSRATGIPDRFSGSGSGTDFTLTISRLEPEDFAVYYCQQTGRIPPTFGQGTKVEIK,7ah1,AA
Ontamalimab,MADCAM1,QVQLVQSGAEVKKPGASVKVSCKASGYTFTSYGINWVRQAPGQGLEWMGWISVYSGNTNYAQKVQGRVTMTADTSTSTAYMDLRSLRSDDTAVYYCAREGSSSSGDYYYGMDVWGQGTTVTVSS,DIVMTQTPLSLSVTPGQPASISCKSSQSLLHTDGTTYLYWYLQKPGQPPQLLIYEVSNRFSGVPDRFSGSGSGTDFTLKISRVEAEDVGIYYCMQNIQLPWTFGQGTKVEIK,4hcr,MN
Opicinumab,LINGO1,EVQLLESGGGLVQPGGSLRLSCAASGFTFSAYEMKWVRQAPGKGLEWVSVIGPSGGFTFYADSVKGRFTISRDNSKNTLYLQMNSLRAEDTAVYYCATEGDNDAFDIWGQGTTVTVSS,DIQMTQSPATLSLSPGERATLSCRASQSVSSYLAWYQQKPGQAPRLLIYDASNRATGIPARFSGSGSGTDFTLTISSLEPEDFAVYYCQQRSNWPMYTFGQGTKLEIK,4oqt,HL
Orilanolimab,FCGRT/FcRn,QVQLVQSGAELKKPGASVKLSCKASGYTFTSYGISWVKQATGQGLEWIGEIYPRSGNTYYNEKFKGRATLTADKSTSTAYMELRSLRSEDSAVYFCARSTTVRPPGIWGTGTTVTVSS,DIQMTQSPSSLSASVGDRVTITCKASDHINNWLAWYQQKPGQAPRLLISGATSLETGVPSRFSGSGTGKDYTLTISSLQPEDFATYYCQQYWSTPYTFGGGTKVEIK,6nha,HL
Ormutivimab,Rabies Virus Surface Glycoprotein 4 (gp4) Epitope 1,QVQLVQSGAEVKKPGSSVKVSCKASGGTFNRYTVNWVRQAPGQGLEWMGGIIPIFGTANYAQRFQGRLTITADESTSTAYMELSSLRSDDTAVYFCARENLDNSGTYYYFSGWFDPWGQGTLVTVSS,QSALTQPRSVSGSPGQSVTISCTGTSSDIGGYNFVSWYQQHPGKAPKLMIYDATKRPSGVPDRFSGSKSGNTASLTISGLQAEDEADYYCCSYAGDYTPGVVFGGGTKLTVL,8r3w,AA
Osocimab,F11,EVQLLESGGGLVQPGGSLRLSCAASGFTFSQYGMDWVRQAPGKGLEWVSGIGPSGGSTVYADSVKGRFTISRDNSKNTLYLQMNSLRAEDTAVYYCTRGGPYYYYGMDVWGQGTTVTVSS,DIQMTQSPSSLSASVGDRVTITCQASQDISNYLNWYQQKPGKAPKLLIYDASNLETGVPSRFSGSGSGTDFTFTISSLQPEDIATYYCQQADSFPVTFGGGTKVEIK,6hhc,HL
Otilimab,CSF2,QVQLVESGGGLVQPGGSLRLSCAASGFTFSSYWMNWVRQAPGKGLEWVSGIENKYAGGATYYAASVKGRFTISRDNSKNTLYLQMNSLRAEDTAVYYCARGFGTDFWGQGTLVTVSS,DIELTQPPSVSVAPGQTARISCSGDSIGKKYAYWYQQKPGQAPVLVIYKKRPSGIPERFSGSNSGNTATLTISGTQAEDEADYYCSAWGDKGMVFGGGTKLTVL,5c7x,MN
Ozoralizumab,TNF/TNFA;ALB,EVQLVESGGGLVQPGGSLRLSCAASGFTFSDYWMYWVRQAPGKGLEWVSEINTNGLITKYPDSVKGRFTISRDNAKNTLYLQMNSLRPEDTAVYYCARSPSGFNRGQGTLVTVSS,na,8z8m,B
Palivizumab,Respiratory Syncytial Virus Glycoprotein F,QVTLRESGPALVKPTQTLTLTCTFSGFSLSTSGMSVGWIRQPPGKALEWLADIWWDDKKDYNPSLKSRLTISKDTSKNQVVLKVTNMDPADTATYYCARSMITNWYFDVWGAGTTVTVSS,DIQMTQSPSTLSASVGDRVTITCKCQLSVGYMHWYQQKPGKAPKLLIYDTSKLASGVPSRFSGSGSGTEFTLTISSLQPDDFATYYCFQGSGYPFTFGGGTKLEIK,2hwz,HL
Palverafusp,VEGF,EVQLVESGGGLVQPGGSLRLSCAASGFTFSDSWIHWVRQAPGKGLEWVAWISPYGGSTYYADSVKGRFTISADTSKNTAYLQMNSLRAEDTAVYYCARRHWPGGFDYWGQGTLVTVSS,DIQMTQSPSSLSASVGDRVTITCRASQDVSTAVAWYQQKPGKAPKLLIYSASFLYSGVPSRFSGSGSGTDFTLTISSLQPEDFATYYCQQYLYHPATFGQGTKVEIK,5x8l,FK
Pamlectabart,TNFRSF17/CD269/BCMA/TNFRSF13A;CD3E,EVQLVESGGGLVQPGGSLRLSCAASGFTFSRYWISWVRQAPGKGLVWVGEINPSSSTINYAPSLKDKFTISRDNAKNTLYLQMNSLRAEDTAVYYCASLYYDYGDAYDYWGQGTLVTVSS,EIVMTQSPATLSVSPGERATLSCKASQSVESNVAWYQQKPGQAPRALIYSASLRFSGIPARFSGSGSGTEFTLTISSLQSEDFAVYYCQQYNNYPLTFGAGTKLELK,8qyb,HL
Panitumumab,EGFR/ERBB1/HER1,QVQLQESGPGLVKPSETLSLTCTVSGGSVSSGDYYWTWIRQSPGKGLEWIGHIYYSGNTNYNPSLKSRLTISIDTSKTQFSLKLSSVTAADTAIYYCVRDRVTGAFDIWGQGTMVTVSS,DIQMTQSPSSLSASVGDRVTITCQASQDISNYLNWYQQKPGKAPKLLIYDASNLETGVPSRFSGSGSGTDFTFTISSLQPEDIATYFCQHFDHLPLAFGGGTKVEIK,5sx5,HL
Paridiprubart,TLR4/CD284,QVQLQESGPGLVKPSDTLSLTCAVSGYSITGGYSWHWIRQPPGKGLEWMGYIHYSGYTDFNPSLKTRITISRDTSKNQFSLKLSSVTAVDTAVYYCARKDPSDAFPYWGQGTLVTVSS,EIVLTQSPDFQSVTPKEKVTITCRASQSISDHLHWYQQKPDQSPKLLIKYASHAISGVPSRFSGSGSGTDFTLTINSLEAEDAATYYCQQGHSFPLTFGGGTKVEIK,4r7d,AB
Pateclizumab,LTA,EVQLVESGGGLVQPGGSLRLSCAASGYTFTSYVIHWVRQAPGKGLEWVGYNNPYNAGTNYNEKFKGRFTISSDKSKNTAYLQMNSLRAEDTAVYYCSRPTMLPWFAYWGQGTLVTVSS,DIQMTQSPSSLSASVGDRVTITCRASQAVSSAVAWYQQKPGKAPKLLIYSASHRYTGVPSRFSGSGSGTDFTLTISSLQPEDFATYYCQESYSTPWTFGQGTKVEIK,4mxv,HL
Pembrolizumab,PDCD1/CD279/PD1,QVQLVQSGVEVKKPGASVKVSCKASGYTFTNYYMYWVRQAPGQGLEWMGGINPSNGGTNFNEKFKNRVTLTTDSSTTTAYMELKSLQFDDTAVYYCARRDYRFDMGFDYWGQGTTVTVSS,EIVLTQSPATLSLSPGERATLSCRASKGVSTSGYSYLHWYQQKPGQAPRLLIYLASYLESGVPARFSGSGSGTDFTLTISSLEPEDFAVYYCQHSRDLPLTFGGGTKVEIK,5dk3,GF
Pemivibart,SARS-CoV-2 Spike RBD,EVQLVESGGGLVKPGGSLRLSCAASGFTFGSYEMNWVRQAPGKGLEWVSSISEDGYSTYYPDSLKGRFTISRDSAKNSLYLQMNSLRADDTAVYYCARDFGGDTAWAGTGFTYWGQGTLVTVSS,QSVLTQPPSVSGAPGQRITISCTGSSSNIGAGYDVHWYQQLPGTAPKLLIYGSSSRNYGVPDRFSGSKSGTSASLAITGLQAEDEADYYCQSYDSDLSGLYTFGTGTKVTVL,7u2d,HL
Pertuzumab,ERBB2/CD340/HER2,EVQLVESGGGLVQPGGSLRLSCAASGFTFTDYTMDWVRQAPGKGLEWVADVNPNSGGSIYNQRFKGRFTLSVDRSKNTLYLQMNSLRAEDTAVYYCARNLGPSFYFDYWGQGTLVTVSS,DIQMTQSPSSLSASVGDRVTITCKASQDVSIGVAWYQQKPGKAPKLLIYSASYRYTGVPSRFSGSGSGTDFTLTISSLQPEDFATYYCQQYYIYPYTFGQGTKVEIK,1l7i,HL
Pexelizumab,C5,QVQLVQSGAEVKKPGASVKVSCKASGYIFSNYWIQWVRQAPGQGLEWMGEILPGSGSTEYTENFKDRVTMTRDTSTSTVYMELSSLRSEDTAVYYCARYFFGSSPNWYFDVWGQGTLVTVSS,DIQMTQSPSSLSASVGDRVTITCGASENIYGALNWYQRKPGKAPKLLIYGATNLADGVPSRFSGSGSGTDFTLTISSLQPEDFATYYCQNVLNTPLTFGQGTKVEIK,5i5k,HL
Pinatuzumab,SIGLEC2/CD22,EVQLVESGGGLVQPGGSLRLSCAASGYEFSRSWMNWVRQAPGKGLEWVGRIYPGDGDTNYSGKFKGRFTISADTSKNTAYLQMNSLRAEDTAVYYCARDGSSWDWYFDVWGQGTLVTVSS,DIQMTQSPSSLSASVGDRVTITCRSSQSIVHSVGNTFLEWYQQKPGKAPKLLIYKVSNRFSGVPSRFSGSGSGTDFTLTISSLQPEDFATYYCFQGSQFPYTFGQGTKVEIK,6and,HL
Podentamig1,TNFRSF17/BCM/BCMA/CD269/TNFRSF13A;ALB,EVQLVESGGGLVQPGRSLTLSCAASTNIFSISPYGWYRQAPGKQRELVAAIHGTSTLYADSVKGRFTISRDNAKNSIYLQMNSLRPEDTALYYCNKVPWGDYHPGNVYWGQGTQVTVSS,na,8z8v,B
Ponezumab,APP,QVQLVQSGAEVKKPGASVKVSCKASGYYTEAYYIHWVRQAPGQGLEWMGRIDPATGNTKYAPRLQDRVTMTRDTSTSTVYMELSSLRSEDTAVYYCASLYSLPVYWGQGTTVTVSS,DVVMTQSPLSLPVTLGQPASISCKSSQSLLYSDAKTYLNWFQQRPGQSPRRLIYQISRLDPGVPDRFSGSGSGTDFTLKISRVEAEDVGVYYCLQGTHYPVLFGQGTRLEIK,3u0t,BA
Porustobart,CTLA4/CD152,EVQLVESGGGLIQPGGSLRLSCAVSGFTVSKNYMSWVRQAPGKGLEWVSVVYSGGSKTYADSVKGRFTISRDNSKNTLYLQMNSLRAEDTAVYYCARAVPHSPSSFDIWGQGTMVTVSS,na,7dv4,H
Porgaviximab,Zaire Ebolavirus Glycoprotein,EVQLQESGGGLMQPGGSMKLSCVASGFTFSNYWMNWVRQSPEKGLEWVAEIRLKSNNYATHYAESVKGRFTISRDDSKRSVYLQMNTLRAEDTGIYYCTRGNGNYRAMDYWGQGTSVTVSS,DIQMTQSPASLSVSVGETVSITCRASENIYSSLAWYQQKQGKSPQLLVYSATILADGVPSRFSGSGSGTQYSLKINSLQSEDFGTYYCQHFWGTPYTFGGGTKLEIK,5kel,HL
Prezalumab,ICOSLG,EVQLVESGGGLVQPGGSLRLSCAASGFTFSSYWMSWVRQAPGKGLEWVAYIKQDGNEKYYVDSVKGRFTISRDNAKNSLYLQMNSLRAEDTAVYYCAREGILWFGDLPTFWGQGTLVTVSS,DIQMTQSPSSLSASVGDRVTITCRASQGISNWLAWYQQKPEKAPKSLIYAASSLQSGVPSRFSGSGSGTDFTLTISSLQPEDFATYYCQQYDSYPRTFGQGTKVEIK,6x4t,BE
Pulocimab,KDR/CD309/VEGFR2,EVQLVQSGGGLVKPGGSLRLSCAASGFTFSSYSMNWVRQAPGKGLEWVSSISSSSSYIYYADSVKGRFTISRDNAKNSLYLQMNSLRAEDTAVYYCARVTDAFDIWGQGTMVTVSS,DIQMTQSPSSVSASIGDRVTITCRASQGLDNWLGWYQQKPGKAPKLLIYDASNLDTGVPSRFSGSGSGTYFTLTISSLQAEDFAVYFCQQAKAFPPTFGGGTKVDIK,3s34,HL
Pumitamig1,VEGFA,EVQLVESGGGLVQPGGSLRLSCAASGYTFTNYGMNWVRQAPGKGLEWVGWINTYTGEPTYAADFKRRFTFSLDTSKSTAYLQMNSLRAEDTAVYYCAKYPHYYGSSHWYFDVWGQGTLVTVSS,DIQMTQSPSSLSASVGDRVTITCSASQDISNYLNWYQQKPGKAPKVLIYFTSSLHSGVPSRFSGSGSGTDFTLTISSLQPEDFATYYCQQYSTVPWTFGQGTKVEIK,1bj1,HL
Pumitamig2,PDL1/CD274,EVQLQESGGGLVQPGGSLRLSCAASGFTFSSYWMYWLRQAPGKGLEWVSSINSDSSSTYYRDSVKGRFTISRDNAKNTLYLQMNSLKSEDTAVYYCAKDPGGYAKGQGTQVTVSS,na,7czd,A
Quilizumab,IGHE,EVQLVESGGGLVQPGGSLRLSCAASGFTFSDYGIAWVRQAPGKGLEWVAFISDLAYTIYYADTVTGRFTISRDNSKNTLYLQMNSLRAEDTAVYYCARDNWDAMDYWGQGTLVTVSS,DIQMTQSPSSLSASVGDRVTITCRSSQSLVHNNANTYLHWYQQKPGKAPKLLIYKVSNRFSGVPSRFSGSGSGTDFTLTISSLQPEDFATYYCSQNTLVPWTFGQGTKVEIK,3hr5,HL
Radretumab,FN extracellular domain B,EVQLLESGGGLVQPGGSLRLSCAASGFTFSSFSMSWVRQAPGKGLEWVSSISGSSGTTYYADSVKGRFTISRDNSKNTLYLQMNSLRAEDTAVYYCAKPFPYFDYWGQGTLVTVSS,EIVLTQSPGTLSLSPGERATLSCRASQSVSSSFLAWYQQKPGQAPRLLIYYASSRATGIPDRFSGSGSGTDFTLTISRLEPEDFAVYYCQQTGRIPPTFGQGTKVEIK,7ah1,AA
Rafivirumab,Rabies Virus Antigenic Site III,QVQLVQSGAEVKKPGSSVKVSCKASGGTFNRYTVNWVRQAPGQGLEWMGGIIPIFGTANYAQRFQGRLTITADESTSTAYMELSSLRSDDTAVYFCARENLDNSGTYYYFSGWFDPWGQGTLVTVSS,QSALTQPRSVSGSPGQSVTISCTGTSSDIGGYNFVSWYQQHPGKAPKLMIYDATKRPSGVPDRFSGSKSGNTASLTISGLQAEDEADYYCCSYAGDYTPGVVFGGGTKLTVL,8r3w,AA
Ralpancizumab,PCSK9,QVQLVQSGAEVKKPGASVKVSCKASGYTFTSYYMHWVRQAPGQGLEWMGEIHPSGGRTNYNEKFKSRVTMTRDTSTSTVYMELSSLRSEDTAVYYCARERPLYASDLWGQGTTVTVSS,DIQMTQSPSSLSASVGDRVTITCKASQDVHTAVAWYQQKPGKAPKLLIYHASYRYTGVPSRFSGSGSGTDFTFTISSLQPEDIATYYCQQRYSLWRTFGQGTKLEIK,3sqo,HL
Ramucirumab,KDR/CD309/VEGFR2,EVQLVQSGGGLVKPGGSLRLSCAASGFTFSSYSMNWVRQAPGKGLEWVSSISSSSSYIYYADSVKGRFTISRDNAKNSLYLQMNSLRAEDTAVYYCARVTDAFDIWGQGTMVTVSS,DIQMTQSPSSVSASIGDRVTITCRASQGIDNWLGWYQQKPGKAPKLLIYDASNLDTGVPSRFSGSGSGTYFTLTISSLQAEDFAVYFCQQAKAFPPTFGGGTKVDIK,3s34,HL
Ranibizumab,VEGFA,EVQLVESGGGLVQPGGSLRLSCAASGYDFTHYGMNWVRQAPGKGLEWVGWINTYTGEPTYAADFKRRFTFSLDTSKSTAYLQMNSLRAEDTAVYYCAKYPYYYGTSHWYFDVWGQGTLVTVSS,DIQLTQSPSSLSASVGDRVTITCSASQDISNYLNWYQQKPGKAPKVLIYFTSSLHSGVPSRFSGSGSGTDFTLTISSLQPEDFATYYCQQYSTVPWTFGQGTKVEIK,1cz8,HL
Ravagalimab,TNFRSF5/CD40,EVQLVESGGGLVKPGGSLRLSCAASGFTFSDYGMNWVRQAPGKGLEWIAYISSGRGNIYYADTVKGRFTISRDNAKNSLYLQMNSLRAEDTAVYYCARSWGYFDVWGQGTTVTVSS,DIVMTQSPDSLAVSLGERATINCKSSQSLLNRGNQKNYLTWFQQKPGQPPKLLIYWASTRESGVPDRFSGSGSGTDFTLTISSLQAEDVAVYYCQNDYTYPLTFGQGTKLEIK,6pe7,HL
Ravulizumab,C5,QVQLVQSGAEVKKPGASVKVSCKASGHIFSNYWIQWVRQAPGQGLEWMGEILPGSGHTEYTENFKDRVTMTRDTSTSTVYMELSSLRSEDTAVYYCARYFFGSSPNWYFDVWGQGTLVTVSS,DIQMTQSPSSLSASVGDRVTITCGASENIYGALNWYQQKPGKAPKLLIYGATNLADGVPSRFSGSGSGTDFTLTISSLQPEDFATYYCQNVLNTPLTFGQGTKVEIK,5i5k,HL
Regdanvimab,SARS-CoV-2 Spike RBD,QITLKESGPTLVKPTQTLTLTCSFSGFSLSTSGVGVGWIRQPPGKALEWLALIDWDDNKYHTTSLKTRLTISKDTSKNQVVLTMTNMDPVDTATYYCARIPGFLRYRNRYYYYGMDVWGQGTTVTVSS,ELVLTQPPSVSAAPGQKVTISCSGSSSNIGNNYVSWYQQLPGTAPKLLIYDNNKRPSGIPDRFSGSKSGTSATLGITGLQTGDEADYYCGTWDSSLSAGVFGGGTELTVL,7cm4,HL
Relatlimab,LAG3/CD223,QVQLQQWGAGLLKPSETLSLTCAVYGGSFSDYYWNWIRQPPGKGLEWIGEINHRGSTNSNPSLKSRVTLSLDTSKNQFSLKLRSVTAADTAVYYCAFGYSDYEYNWFDPWGQGTLVTVSS,EIVLTQSPATLSLSPGERATLSCRASQSISSYLAWYQQKPGQAPRLLIYDASNRATGIPARFSGSGSGTDFTLTISSLEPEDFAVYYCQQRSNWPLTFGQGTNLEIK,7um3,HL
Remtolumab,IL17A;TNF/TNFA,EVQLVESGGGLVQPGRSLRLSCAASGFTFDDYAMHWVRQAPGKGLEWVSAITWNSGHIDYADSVEGRFTISRDNAKNSLYLQMNSLRAEDTAVYYCAKVSYLSTASSLDYWGQGTLVTVSS,DIQMTQSPSSLSASVGDRVTITCRASQGIRNYLAWYQQKPGKAPKLLIYAASTLQSGVPSRFSGSGSGTDFTLTISSLQPEDVATYYCQRYNRAPYTFGQGTKVEIK,4nyl,EF
Renvistobart,TIGIT/WUCAM/VSTM3,QVHLQESGPGLVKPSETLSLTCTVSGGSVSSGIYYWSWIRQPPGKGLEWIGYIYYSGSTNYNPSLKSRVTISVDTSKNQFSLKLSSVTAADTAVYYCARDYYVSGNYYNVDYYFFGVDVWGQGTTVTVSS,EIVLTQSPATLSLSPGERATLSCRASQSVSSYLAWYQQKPGQAPRLLIYDASNRATGIPARFSGSGSGTDFTLTISSLEPEDFAVYYCQQRSNWPPLFTFGPGTKVDIK,8szy,HL
Ripertamab,MS4A1/CD20,QVQLQQPGAELVKPGASVKMSCKASGYTFTSYNMHWVKQTPGRGLEWIGAIYPGNGDTSYNQKFKGKATLTADKSSSTAYMQLSSLTSEDSAVYYCARSTYYGGDWYFNVWGAGTTVTVSA,QIVLSQSPAILSASPGEKVTMTCRASSSVSYIHWFQQKPGSSPKPWIYATSNLASGVPVRFSGSGSGTSYSLTISRVEAEDAATYYCQQWTSNPPTFGGGTKLEIK,2osl,HL
Rituximab,MS4A1/CD20,QVQLQQPGAELVKPGASVKMSCKASGYTFTSYNMHWVKQTPGRGLEWIGAIYPGNGDTSYNQKFKGKATLTADKSSSTAYMQLSSLTSEDSAVYYCARSTYYGGDWYFNVWGAGTTVTVSA,QIVLSQSPAILSASPGEKVTMTCRASSSVSYIHWFQQKPGSSPKPWIYATSNLASGVPVRFSGSGSGTSYSLTISRVEAEDAATYYCQQWTSNPPTFGGGTKLEIK,2osl,HL
Romlusevimab,SARS-CoV-2 Spike RBD,QVQLVQSGSELKKPGASVKVSCKASGYTFTTYVMNWVRQAPGQGLEWMGWINTNTGNPTYAQGFTGRFVFSLDTSVSTASLQISSLKAEDTAVYYCSSEITTLGGMDVWGQGTTVTVSS,SYVLTQPPSVSVAPGKTARITCGGNNIGSKSVHWYQQKPGQAPVLVIYYDSDRPSGIPERFSGSNSGNTATLTISGVEAGDEADYYCQVWDSISDHRVFGGGTKLTVL,8gx9,PM
Rontalizumab,IFNA1,EVQLVESGGGLVQPGGSLRLSCATSGYTFTEYIIHWVRQAPGKGLEWVASINPDYDITNYNQRFKGRFTISLDKSKRTAYLQMNSLRAEDTAVYYCASWISDFFDYWGQGTLVTVSS,DIQMTQSPSSLSASVGDRVTITCRASQSVSTSSYSYMHWYQQKPGKAPKVLISYASNLESGVPSRFSGSGSGTDFTLTISSLQPEDFATYYCQHSWGIPRTFGQGTKVEIK,4z5r,WV
Rozanolixizumab,FCGRT/FcRn,EVPLVESGGGLVQPGGSLRLSCAVSGFTFSNYGMVWVRQAPGKGLEWVAYIDSDGDNTYYRDSVKGRFTISRDNAKSSLYLQMNSLRAEDTAVYYCTTGIVRPFLYWGQGTLVTVSS,DIQMTQSPSSLSASVGDRVTITCKSSQSLVGASGKTYLYWLFQKPGKAPKRLIYLVSTLDSGIPSRFSGSGSGTEFTLTISSLQPEDFATYYCLQGTHFPHTFGQGTKLEIK,6fgb,HL
Rozibafusp,ICOS/CD278,EVQLVESGGGLVQPGGSLRLSCAASGFTFSSYWMSWVRQAPGKGLEWVAYIKQDGNEKYYVDSVKGRFTISRDNAKNSLYLQMNSLRAEDTAVYYCAREGILWFGDLPTFWGQGTLVTVSS,DIQMTQSPSSLSASVGDRVTITCRASQGISNWLAWYQQKPEKAPKSLIYAASSLQSGVPSRFSGSGSGTDFTLTISSLQPEDFATYYCQQYDSYPRTFGQGTKVEIK,6x4t,BE
Runimotamab,ERBB2/CD340/HER2;CD3E,EVQLVESGGGLVQPGGSLRLSCAASGFNIKDTYIHWVRQAPGKGLEWVARIYPTNGYTRYADSVKGRFTISADTSKNTAYLQMNSLRAEDTAVYYCSRWGGDGFYAMDYWGQGTLVTVSS,DIQMTQSPSSLSASVGDRVTITCRASQDVNTAVAWYQQKPGKAPKLLIYSASFLYSGVPSRFSGSRSGTDFTLTISSLQPEDFATYYCQQHYTTPPTFGQGTKVEIK,6bi0,HL
Ruplizumab,CD40LG/CD154,QVQLVQSGAEVVKPGASVKLSCKASGYIFTSYYMYWVKQAPGQGLEWIGEINPSNGDTNFNEKFKSKATLTVDKSASTAYMELSSLRSEDTAVYYCTRSDGRNDMDSWGQGTLVTVSS,DIVLTQSPATLSVSPGERATISCRASQRVSSSTYSYMHWYQQKPGQPPKLLIKYASNLESGVPARFSGSGSGTDFTLTISSVEPEDFATYYCQHSWEIPPTFGGGTKLEIK,1i9r,HL
Sabestomig,PDCD1/CD279/PD1;HAVCR2/TIM3,EVQLVESGGGLVQPGGSLRLSCAASGFTFSDYGMHWVRQAPGKGLEWVAYISSGSYTIYSADSVKGRFTISRDNAKNSLYLQMNSLRAEDTAVYYCARRAPNSFYEYYFDYWGQGTTVTVSS,QIVLTQSPATLSLSPGERATLSCSASSKHTNLYWSRHMYWYQQKPGQAPRLLIYLTSNRATGIPARFSGSGSGTDFTLTISSLEPEDFAVYYCQQWSSNPFTFGQGTKLEIK,8tft,HL
Safimestomig,IAP/CD47;PDL1/CD274,EVQLVQSGAEVKKPGASVKVSCKASGYKFTNYVMSWVRQAPGQRLEWMGYINPYNDAIKYNEKFTGRVTITRDTSASTAYMELSSLRSEDTAVYYCAREGDFYANYGRLGFAYWGQGTLVTVSS,DIQMTQSPSSLSASVGDRVTITCRASQDISNYLNWYQQKPGKAPKLLLYYTSRLHSGVPSRFSGSGSGTDYTLTISSLQPEDFATYFCQQGAGFPYTFGGGTKVEIK,7xjf,HL;None
Sarilumab,IL6R/CD126,EVQLVESGGGLVQPGRSLRLSCAASRFTFDDYAMHWVRQAPGKGLEWVSGISWNSGRIGYADSVKGRFTISRDNAENSLFLQMNGLRAEDTALYYCAKGRDSFDIWGQGTMVTVSS,DIQMTQSPSSVSASVGDRVTITCRASQGISSWLAWYQQKPGKAPKLLIYGASSLESGVPSRFSGSGSGTDFTLTISSLQPEDFASYYCQQANSFPYTFGQGTKLEIK,8iow,HL
Sasanlimab,PDCD1/CD279/PD1,QVQLVQSGAEVKKPGASVKVSCKASGYTFTSYWINWVRQAPGQGLEWMGNIYPGSSLTNYNEKFKNRVTMTRDTSTSTVYMELSSLRSEDTAVYYCARLSTGTFAYWGQGTLVTVSS,DIVMTQSPDSLAVSLGERATINCKSSQSLWDSGNQKNFLTWYQQKPGQPPKLLIYWTSYRESGVPDRFSGSGSGTDFTLTISSLQAEDVAVYYCQNDYFYPHTFGGGTKVEIK,6xkr,HL
Satumomab,TAG72,QVQLQQSDAELVKPGASVKISCKASGYTFTDHAIHWAKQKPEQGLEWIGYISPGNDDIKYNEKFKGKATLTADKSSSTAYMQLNSLTSEDSAVYFCKRSYYGHWGQGTTLTVSS,DIQMTQSPASLSVSVGETVTITCRASENIYSNLAWYQQKQGKSPQLLVYAATNLADGVPSRFSGSGSGTQYSLKINSLQSEDFGSYYCQHFWGTPYTFGGGTRLEIK,1bbj,HL
Secukinumab,IL17A,EVQLVESGGGLVQPGGSLRLSCAASGFTFSNYWMNWVRQAPGKGLEWVAAINQDGSEKYYVGSVKGRFTISRDNAKNSLYLQMNSLRVEDTAVYYCVRDYYDILTDYYIHYWYFDLWGRGTLVTVSS,EIVLTQSPGTLSLSPGERATLSCRASQSVSSSYLAWYQQKPGQAPRLLIYGASSRATGIPDRFSGSGSGTDFTLTISRLEPEDFAVYYCQQYGSSPCTFGQGTRLEIK,6wio,AB
Serplulimab,PDCD1/CD279/PD1,QVQLVESGGGLVKPGGSLRLSCAASGFTFSNYGMSWIRQAPGKGLEWVSTISGGGSNIYYADSVKGRFTISRDNAKNSLYLQMNSLRAEDTAVYYCVSYYYGIDFWGQGTSVTVSS,DIQMTQSPSSLSASVGDRVTITCKASQDVTTAVAWYQQKPGKAPKLLIYWASTRHTGVPSRFSGSGSGTDFTLTISSLQPEDFATYYCQQHYTIPWTFGGGTKLEIK,7e9b,HL
Sifalimumab,IFNA1,QVQLVQSGAEVKKPGASVKVSCKASGYTFTSYSISWVRQAPGQGLEWMGWISVYNGNTNYAQKFQGRVTMTTDTSTSTAYLELRSLRSDDTAVYYCARDPIAAGYWGQGTLVTVSS,EIVLTQSPGTLSLSPGERATLSCRASQSVSSTYLAWYQQKPGQAPRLLIYGASSRATGIPDRFSGSGSGTDFTLTISRLEPEDFAVYYCQQYGSSPRTFGQGTKVEIK,4ypg,HL
Simaravibart,SARS-CoV-2 Spike RBD,QVQLVQSGAEVKKPGSSVKVSCKASGGTFSSYTISWVRQAPGQGLEWMGRIIPILDRVMYAQKFQGRVTITADKSTSTAYMELSSLRSEDTAVYYCARRAIDSDTYVEQSHFDYWGQGTLVTVSS,EIVMTQSPATLSLSPGERATLSCRASQSVSSYLAWYQQKPGQAPSLLIYDASNRATGIPARFSGSGSGTDFTLTISSLEPEDFAVYYCQQPLTFGGGTKVEIK,7s6j,HL
Sipavibart,SARS-CoV-2 Spike RBD,EVQLVESGGGLVQPGRSLRLSCAASGFPFDDYAIHWVRLAPGKGLEWVSSISWDSGSIGYADSVKGRFTISRDNAKNSLYLQMNSLRAEDTALYYCAKGAFPGYSSGWYYGLEVWGQGTTVTVSS,QSVVTQPPSASGSLGQSVTISCTGTSSDVGGYNYVSWYQQHPGKAPKLMIFEVSKRPSGVPDRFSGSKSGNTASLTVSGLQAEDEADYYCSSYAGNKGVFGGGTKLTVL,8suo,HL
Solanezumab,APP,EVQLVESGGGLVQPGGSLRLSCAASGFTFSRYSMSWVRQAPGKGLELVAQINSVGNSTYYPDTVKGRFTISRDNAKNTLYLQMNSLRAEDTAVYYCASGDYWGQGTLVTVSS,DVVMTQSPLSLPVTLGQPASISCRSSQSLIYSDGNAYLHWFLQKPGQSPRLLIYKVSNRFSGVPDRFSGSGSGTDFTLKISRVEAEDVGVYYCSQSTHVPWTFGQGTKVEIK,4xxd,ED
Solnerstotug,VSIR/VISTA/B7H5/PD1H/SISP1,EVQLVESGGGLVQPGGSLRLSCAASGFTFDDYSMNWVRQAPGKGLEWVSYISSDADTIYYADSVKGRFTISRDNAKNSLYLQMNSLRAEDTAVYYCAREAGGVLGRVDFQHWGQGTLVTVSS,DIQLTQSPSSLSASVGDRVTITCQASQDISNYLNWYQQKPGKAPKLLIYDASKLGTGVPSRFSGSGSGTDFTFTISSLQPEDIATYYCQQADFVPPWTFGGGTKVEIK,8tbq,HL
Sonavibart,Influenza A HA,QVQLQQSGPGLVKPSQTLSLTCAISGDSVSSYNAVWNWIRQSPSRGLEWLGRTYYRSGWYNDYAESVKSRITINPDTSKNQFSLQLNSVTPEDTAVYYCARSGHITVFGVNVDAFDMWGQGTMVTVSS,DIQMTQSPSSLSASVGDRVTITCRTSQSLSSYTHWYQQKPGKAPKLLIYAASSRGSGVPSRFSGSGSGTDFTLTISSLQPEDFATYYCQQSRTFGQGTKVEIK,5jw3,HL
Sonelokimab1,IL17A;ALB,DVQLVESGGGLVQPGGSLRLSCAASGRTFSSYVVGWFRQAPGKEREFIGAISGSGESIYYAVSEKGRFTISRDNSKNTLYLQMNSLRPEDTAVYYCTADQEFGYLRFGRSEYWGQGTLVTVSS,na,8z8v,B
Sotrovimab,SARS-CoV-2 Spike RBD,QVQLVQSGAEVKKPGASVKVSCKASGYPFTSYGISWVRQAPGQGLEWMGWISTYQGNTNYAQKFQGRVTMTTDTSTTTGYMELRRLRSDDTAVYYCARDYTRGAWFGESLIGGFDNWGQGTLVTVSS,EIVLTQSPGTLSLSPGERATLSCRASQTVSSTSLAWYQQKPGQAPRLLIYGASSRATGIPDRFSGSGSGTDFTLTISRLEPEDFAVYYCQQHDTSLTFGGGTKVEIK,7jx3,AB
Sovipostobart,CTLA4/CD152,QVQLVESGGGVVQPGRSLRLSCAASGFTFSSYTMHWVRQAPGKGLEWVTFISYDGNNKYYADSVKGRFTISRDNSKNTLYLQMNSLRAEDTAIYYCARTGWLGPFDYWGQGTLVTVSS,EIVLTQSPGTLSLSPGERATLSCRASQSVGSSYLAWYQQKPGQAPRLLIYGAFSRATGIPDRFSGSGSGTDFTLTISRLEPEDFAVYYCQQYGSSPWTFGQGTKVEIK,5tru,HL
Spesolimab,IL36RN,QVQLVQSGAEVKKPGASVKVSCKASGYSFTSSWIHWVKQAPGQGLEWMGEINPGNVRTNYNENFRNKVTMTVDTSISTAYMELSRLRSDDTAVYYCTVVFYGEPYFPYWGQGTLVTVSS,QIVLTQSPGTLSLSPGERATMTCTASSSVSSSYFHWYQQKPGQAPRLWIYRTSRLASGVPDRFSGSGSGTDFTLTISRLEPEDAATYYCHQFHRSPLTFGAGTKLEIK,6u6u,HL
Sudubrilimab,PDL1/CD274,EVQLVESGGGLVQPGGSLRLSCAASGFTFSETWLHWVRQAPGKGLEWVAWVSPFGGSTYYADSVKGRFTISADTSKNTAYLQMNSLRAEDTAVYYCARRHWPGGFDYWGQGTLVTVSS,DIQMTQSPSSLSASVGDRVTITCRASQDVSTAVAWYQQKPGKAPKLLIYSASFLYSGVPSRFSGSGSGTDFTLTISSLQPEDFATYYCQQFLYHPATFGQGTKVEIK,5x8l,GL
Sutacimig,F7a/F7A/FVIIa/FVIIA;TREML1/GLTL1825/PRO3438/TLT-1/TLT1,QVQLQESGPGLVKPSQTLSLTCTVSGYSISSDSAWSWIRQPPGKGLEWIGYIQYSGSTNYNPSLKSRVTISRDTSKNQFSLKLSSVTAADTAVYYCARSVNYYGNSFAVGYWGQGTLVTVSS,EIVLTQSPATLSLSPGERATLSCRASQGISDYLHWYQQKPGEAPRLLIKYTSQPATGIPARFSGSGSGTDFTLTISSLEPEDFAVYYCQNGHSFPLTFGQGTKLEIK,8cn9,BA
Suvizumab,HIV-1 gp120,QVQLVQSGAEVKKPGASVKVSCKASGYTFTNSWIGWFRQAPGQGLEWIGDIYPGGGYTNYNEIFKGKATMTADTSTNTAYMELSSLRSEDTAVYYCSRGIPGYAMDYWGQGTLVTVSS,DIQMTQRPDSLSASVGDRVTMSCKSSQSLLNSGDQKNYLTWYQQKPGQPPKLLIYWASTGESGVPDRFSGSGSGTDFTFTISSLQPEDIATYYCQNDYSYPWTFGQGTKVEIK,3ntc,HL
Suvratoxumab,Staphylococcus aureus Toxin A,EVQLVESGGGLVQPGGSLRLSCAASGFTFSSHDMHWVRQATGKGLEWVSGIGTAGDTYYPDSVKGRFTISRENAKNSLYLQMNSLRAGDTAVYYCARDRYSPTGHYYGMDVWGQGTTVTVSS,DIQMTQSPSTLSASVGDRVTITCRASQSISSWLAWYQQKPGKAPKLLIYKASSLESGVPSRFSGSGSGTEFTLTISSLQPDDFATYYCKQYADYWTFGQGTKVEIK,4u6v,HL
Talacotuzumab,IL3RA/CD123,EVQLVQSGAEVKKPGESLKISCKGSGYSFTDYYMKWARQMPGKGLEWMGDIIPSNGATFYNQKFKGQVTISADKSISTTYLQWSSLKASDTAMYYCARSHLLRASWFAYWGQGTMVTVSS,DIVMTQSPDSLAVSLGERATINCESSQSLLNSGNQKNYLTWYQQKPGQPPKPLIYWASTRESGVPDRFSGSGSGTDFTLTISSLQAEDVAVYYCQNDYSYPYTFGQGTKLEIK,4jzj,HL
Talquetamab,GPRC5D;CD3E,QVQLVQSGAEVKKPGASVKVSCKASGYSFTGYTMNWVRQAPGQGLEWMGLINPYNSDTNYAQKLQGRVTMTTDTSTSTAYMELRSLRSDDTAVYYCARVALRVALDYWGQGTLVTVSS,DIQMTQSPSSLSASVGDRVTITCKASQNVATHVGWYQQKPGKAPKRLIYSASYRYSGVPSRFSGSGSGTEFTLTISNLQPEDFATYYCQQYNRYPYTFGQGTKLEIK,9ima,CD;None
Tamrintamab,DPEP3,QVQLVQSGAEVKKPGSSVKVSCKASGGTFSSYWIEWVRQAPGQGLEWMGEILPGSGNTYYNERFKDRVTITADESTSTAYMELSSLRSEDTAVYYCARRAAAYYSNPEWFAYWGQGTLVTVSS,EIVLTQSPATLSLSPGERATLSCTASSSVNSFYLHWYQQKPGLAPRLLIYSTSNLASGIPDRFSGSGSGTDFTLTISRLEPEDFAVYYCHQYHRSPYTFGQGTKLEIK,6vgr,HL
Tamtuvetmab,CD52,EVKLLESGGGLVQPGGSMRLSCAGSGFTFTDFYMNWIRQPAGKAPEWLGFIRDKAKGYTTEYNPSVKGRFTISRDNTQNMLYLQMNTLRAEDTATYYCAREGHTAAPFDYWGQGTLVTVSS,DIKMTQSPSFLSASVGDRVTLNCKASQNIDKYLNWYQQKLGESPKLLIYNTNNLQTGIPSRFSGSGSGTDFTLTISSLQPEDVATYFCLQHISRPRTFGGGTHLTVL,1bfo,HG
Tanezumab,NGFB,QVQLQESGPGLVKPSETLSLTCTVSGFSLIGYDLNWIRQPPGKGLEWIGIIWGDGTTDYNSAVKSRVTISKDTSKNQFSLKLSSVTAADTAVYYCARGGYWYATSYYFDYWGQGTLVTVSS,DIQMTQSPSSLSASVGDRVTITCRASQSISNNLNWYQQKPGKAPKLLIYYTSRFHSGVPSRFSGSGSGTDFTFTISSLQPEDIATYYCQQEHTLPYTFGQGTKLEIK,4edw,HL
Tarcocimab,VEGFA,EVQLVESGGGLVQPGGSLRLSCAASGYDFTHYGMNWVRQAPGKGLEWVGWINTYTGEPTYAADFKRRFTFSLDTSKSTAYLQMNSLRAEDTAVYYCAKYPYYYGTSHWYFDVWGQGTLVTVSS,DIQLTQSPSSLSASVGDRVTITCSASQDISNYLNWYQQKPGKAPKVLIYFTSSLHSGVPSRFSGSGSGTDFTLTISSLQPEDFATYYCQQYSTVPWTFGQGTKVEIK,1cz8,HL
Tarperprumig,ALB;CFP,QVQLVESGGGLVKPGGSLRLSCAASGRPVSNYAAAWFRQAPGKEREFVSAINWQKTATYADSVKGRFTISRDNAKNSLYLQMNSLRAEDTAVYYCAAVFRVVAPKTQYDYDYWGQGTLVTVSS,na,8q6r,A
Tazlestobart,CTLA4/CD152,QVQLVESGGGVVQPGRSLRLSCAASGFTFSSYTMHWVRQAPGKGLEWVTFISYDGNNKYYADSVKGRFTISRDNSKNTLYLQMNSLRAEDTAIYYCARTGWLGPFDYWGQGTLVTVSS,EIVLTQSPGTLSLSPGERATLSCRASQSVGSSYLAWYQQKPGQAPRLLIYGAFSRATGIPDRFSGSGSGTDFTLTISRLEPEDFAVYYCQQYGSSPWTFGQGTKVEIK,5tru,HL
Tegoprubart,CD40LG/CD154,QVQLVQSGAEVVKPGASVKLSCKASGYIFTSYYMYWVKQAPGQGLEWIGEINPSNGDTNFNEKFKSKATLTVDKSASTAYMELSSLRSEDTAVYYCTRSDGRNDMDSWGQGTLVTVSS,DIVLTQSPATLSVSPGERATISCRASQRVSSSTYSYMHWYQQKPGQPPKLLIKYASNLESGVPARFSGSGSGTDFTLTISSVEPEDFATYYCQHSWEIPPTFGGGTKLEIK,1i9r,HL
Teneliximab,TNFRSF5/CD40,QIQLVQSGPELKKPGETVRISCKASGYAFTTTGMQWVQEMPGKGLKWIGWINTHSGVPKYVEDFKGRFAFSLETSANTAYLQISNLKNEDTATYFCVRSGNGNYDLAYFAYWGQGTLVTVSA,DIVLTQSPATLSVTPGDRVSLSCRASQSISDYLHWYQQKSHESPRLLIKYASHSISGIPSRFSGSGSGSDFTLSINSVEPEDVGIYYCQHGHSFPWTFGGGTKLEIK,5dmi,HL
Teropavimab,HIV-1 gp120 CD4bs,QVQLLQSGAAVTKPGASVRVSCEASGYNIRDYFIHWWRQAPGQGLQWVGWINPKTGQPNNPRQFQGRVSLTRHASWDFDTFSFYMDLKALRSDDTAVYFCARQRSDYWDFDVWGSGTQVTVSS,DIQMTQSPSSLSASVGDTVTITCQANGYLNWYQQRRGKAPKLLIYDGSKLERGVPSRFSGRRWGQEYNLTINNLQPEDIATYFCQVYEFVVPGTRLDLK,8c8t,RT
Tezepelumab,TSLP,QMQLVESGGGVVQPGRSLRLSCAASGFTFRTYGMHWVRQAPGKGLEWVAVIWYDGSNKHYADSVKGRFTITRDNSKNTLNLQMNSLRAEDTAVYYCARAPQWELVHEAFDIWGQGTMVTVSS,SYVLTQPPSVSVAPGQTARITCGGNNLGSKSVHWYQQKPGQAPVLVVYDDSDRPSWIPERFSGSNSGNTATLTISRGEAGDEADYYCQVWDSSSDHVVFGGGTKLTVL,5j13,CB
Tibulizumab,TNFSF13B/CD257/BAFF;IL17A,QVQLQQWGAGLLKPSETLSLTCAVYGGSFSGYYWSWIRQPPGKGLEWIGEINHSGSTNYNPSLKSRVTISVDTSKNQFSLKLSSVTAADTAVYYCARGYYDILTGYYYYFDYWGQGTLVTVSS,EIVLTQSPATLSLSPGERATLSCRASQSVSRYLAWYQQKPGQAPRLLIYDASNRATGIPARFSGSGSGTDSTLTISSLEPEDFAVYYCQQRSNWPRTFGQGTKVEIK,6nou,AA
Tilogotamab,TNFRSF10B/CD262/DR5/TRAILR2,QVQLVQSGAEVKKPGASVKVSCKASGFNIKDTHMHWVRQAPGQRLEWIGRIDPANGNTEYDQKFQGRVTITVDTSASTAYMELSSLRSEDTAVYYCARWGTNVYFAYWGQGTLVTVSS,DIQLTQSPSSLSASVGDRVTITCSASSSVSYMYWYQQKPGKAPKPWIYRTSNLASGVPSRFSGSGSGTDFTLTISSLQPEDFATYYCQQYHSYPPTFGGGTKVEIK,6t3j,CD
Tilrekimig2,TSLP,QMQLVESGGGVVQPGRSLRLSCAASGFTFRTYGMHWVRQAPGKGLEWVAVIWYDGSNKHYADSVKGRFTISRDNSKNTLYLQMNSLRAEDTAVYYCARAPQWYLVHEAFDIWGQGTMVTVSS,SYVLTQPPSVSVAPGQTARITCGGNNLGSKSVHWYQQKPGQAPVLVVYDDKDRPSWIPERFSGSNSGNTATLTISRGEAGDEADYYCQVWDSKSDHVVFGGGTKLTVL,5j13,CB
Timigutuzumab,ERBB2/CD340/HER2,EVQLVESGGGLVQPGGSLRLSCAASGFNIKDTYIHWVRQAPGKGLEWVARIYPTNGYTRYADSVKGRFTISADTSKNTAYLQMNSLRAEDTAVYYCSRWGGDGFYAMDYWGQGTLVTVSS,DIQMTQSPSSLSASVGDRVTITCRASQDVNTAVAWYQQKPGKAPKLLIYSASFLYSGVPSRFSGSRSGTDFTLTISSLQPEDFATYYCQQHYTTPPTFGQGTKVEIK,6bi0,HL
Timcevibart,SARS-CoV-2 Spike RBD,QVQLVESGGGLVQPGGSLRLSCAASGLTVSSNYMSWVRQAPGKGLEWVSVIYSGGSTYYADSVKGRFTISRDDSKNTLYLQMNSLRAEDTAVYYCARDVADAFDIWGQGTMVTVSS,DIVMTQSPSFLSASVGDRVTITCRASQGISSYLAWYQQKPGKAPKLLIYAASTLQSGVPSRFSGSGSGTEFTLTISSLQPEDFATYYCQQLNSYPPFTFGPGTKVDIK,7b3o,HL
Tiragolumab,TIGIT/WUCAM/VSTM3,EVQLQQSGPGLVKPSQTLSLTCAISGDSVSSNSAAWNWIRQSPSRGLEWLGKTYYRFKWYSDYAVSVKGRITINPDTSKNQFSLQLNSVTPEDTAVFYCTRESTTYDLLAGPFDYWGQGTLVTVSS,DIVMTQSPDSLAVSLGERATINCKSSQTVLYSSNNKKYLAWYQQKPGQPPNLLIYWASTRESGVPDRFSGSGSGTDFTLTISSLQAEDVAVYYCQQYYSTPFTFGPGTKVEIK,8jeo,BC
Tislelizumab,PDCD1/CD279/PD1,QVQLQESGPGLVKPSETLSLTCTVSGFSLTSYGVHWIRQPPGKGLEWIGVIYADGSTNYNPSLKSRVTISKDTSKNQVSLKLSSVTAADTAVYYCARAYGNYWYIDVWGQGTTVTVSS,DIVMTQSPDSLAVSLGERATINCKSSESVSNDVAWYQQKPGQPPKLLINYAFHRFTGVPDRFSGSGYGTDFTLTISSLQAEDVAVYYCHQAYSSPYTFGQGTKLEIK,7bxa,BC
Tixagevimab,SARS-CoV-2 Spike RBD,QMQLVQSGPEVKKPGTSVKVSCKASGFTFMSSAVQWVRQARGQRLEWIGWIVIGSGNTNYAQKFQERVTITRDMSTSTAYMELSSLRSEDTAVYYCAAPYCSSISCNDGFDIWGQGTMVTVSS,EIVLTQSPGTLSLSPGERATLSCRASQSVSSSYLAWYQQKPGQAPRLLIYGASSRATGIPDRFSGSGSGTDFTLTISRLEPEDFAVYYCQHYGSSRGWTFGQGTKVEIK,7l7d,HL
Tocilizumab,IL6R/CD126,QVQLQESGPGLVRPSQTLSLTCTVSGYSITSDHAWSWVRQPPGRGLEWIGYISYSGITTYNPSLKSRVTMLRDTSKNQFSLRLSSVTAADTAVYYCARSLARTTAMDYWGQGSLVTVSS,DIQMTQSPSSLSASVGDRVTITCRASQDISSYLNWYQQKPGKAPKLLIYYTSRLHSGVPSRFSGSGSGTDFTFTISSLQPEDIATYYCQQGNTLPYTFGQGTKVEIK,8j6f,HL
Tomuzotuximab,EGFR/ERBB1/HER1,QVQLKQSGPGLVQPSQSLSITCTVSGFSLTNYGVHWVRQSPGKGLEWLGVIWSGGNTDYNTPFTSRLSINKDNSKSQVFFKMNSLQSNDTAIYYCARALTYYDYEFAYWGQGTLVTVST,DILLTQSPVILSVSPGERVSFSCRASQSIGTNIHWYQQRTNGSPRLLIKYASESISGIPSRFSGSGSGTDFTLSINSVESEDIADYYCQQNNNWPTTFGAGTKLELK,6au5,DC
Toripalimab,PDCD1/CD279/PD1,QGQLVQSGAEVKKPGASVKVSCKASGYTFTDYEMHWVRQAPIHGLEWIGVIESETGGTAYNQKFKGRVTITADKSTSTAYMELSSLRSEDTAVYYCAREGITTVATTYYWYFDVWGQGTTVTVSS,DVVMTQSPLSLPVTLGQPASISCRSSQSIVHSNGNTYLEWYLQKPGQSPQLLIYKVSNRFSGVPDRFSGSGSGTDFTLKISRVEAEDVGVYYCFQGSHVPLTFGQGTKLEIK,6jbt,HL
Tovecimig,VEGFA,EVQLVESGGGLVQPGGSLRLSCAASGYTFTNYGMNWVRQAPGKGLEWVGWINTYTGEPTYAADFKRRFTFSLDTSKSTAYLQMNSLRAEDTAVYYCAKYPHYYGSSHWYFDVWGQGTLVTVSS,DIQMTQSPSSLSASVGDRVTITCSASQDISNYLNWYQQKPGKAPKVLIYFTSSLHSGVPSRFSGSGSGTDFTLTISSLQPEDFATYYCQQYSTVPWTFGQGTKVEIK,1bj1,HL
Trabikibart,CSF2RB/CD131/IL3RB/IL5RB,EVQLLESGGGLVQPGGSLRLSCAASGFTFPWYRVHWVRQAPGKGLEWVSSIRSSGGFPYYNYKVKGRFTISRDNSKNTLYLQMNSLRAEDTAVYYCARFYDSFFDIWGQGTMVTVSS,DIQMTQSPSSVSASVGDRVTITCRASQGISSWLAWYQQKPGKAPKLLIYAASSLQSGVPSRFSGSGSGTDFTLTISSLQPEDFATYYCQQANSFPITFGQGTRLEIK,5dwu,HL
Tralokinumab,IL13,QVQLVQSGAEVKKPGASVKVSCKASGYTFTNYGLSWVRQAPGQGLEWMGWISANNGDTNYGQEFQGRVTMTTDTSTSTAYMELRSLRSDDTAVYYCARDSSSSWARWFFDLWGRGTLVTVSS,SYVLTQPPSVSVAPGKTARITCGGNIIGSKLVHWYQQKPGQAPVLVIYDDGDRPSGIPERFSGSNSGNTATLTISRVEAGDEADYYCQVWDTGSDPVVFGGGTKLTVL,5l6y,HL
Trastuzumab,ERBB2/CD340/HER2,EVQLVESGGGLVQPGGSLRLSCAASGFNIKDTYIHWVRQAPGKGLEWVARIYPTNGYTRYADSVKGRFTISADTSKNTAYLQMNSLRAEDTAVYYCSRWGGDGFYAMDYWGQGTLVTVSS,DIQMTQSPSSLSASVGDRVTITCRASQDVNTAVAWYQQKPGKAPKLLIYSASFLYSGVPSRFSGSRSGTDFTLTISSLQPEDFATYYCQQHYTTPPTFGQGTKVEIK,6bi0,HL
Traxivitug,BK Polyomavirus Major Capsid Protein VP1,QVQLVESGGTLVQPGGSLRLSCAASGFTFNNYWMTWVRQAPGKGLEWVANIKKDGSEKYYVDSVRGRFTISRDNAKNSLFLQMNSLRPEDTAVYFCATVRSGRYFALDDWGQGTLVTVSS,QSVLTQPPSVSVAPGKTARITCGGDNIGSRPVHWYQQKPGQAPILVVYDDSNRPSGIPERFSGSNSGNTATLTISRVEAGDEADYYCQVWSSSTDHPFGGGTKVTVL,8u5l,FF
Tremelimumab,CTLA4/CD152,QVQLVESGGGVVQPGRSLRLSCAASGFTFSSYGMHWVRQAPGKGLEWVAVIWYDGSNKYYADSVKGRFTISRDNSKNTLYLQMNSLRAEDTAVYYCARDPRGATLYYYYYGMDVWGQGTTVTVSS,DIQMTQSPSSLSASVGDRVTITCRASQSINSYLDWYQQKPGKAPKLLIYAASSLQSGVPSRFSGSGSGTDFTLTISSLQPEDFATYYCQQYYSTPFTFGPGTKVEIK,5ggu,HL
Trontinemab,APP Abeta 1-40/42;TFRC/CD71,QVELVESGGGLVQPGGSLRLSCAASGFTFSSYAMSWVRQAPGKGLEWVSAINASGTRTYYADSVKGRFTISRDNSKNTLYLQMNSLRAEDTAVYYCARGKGNTHKPYGYVRYFDVWGQGTLVTVSS,DIVLTQSPATLSLSPGERATLSCRASQSVSSSYLAWYQQKPGQAPRLLIYGASSRATGVPARFSGSGSGTDFTLTISSLEPEDFATYYCLQIYNMPITFGQGTKVEIK,5csz,AB
Tusamitamab,CEACAM5/CD66e,EVQLQESGPGLVKPGGSLSLSCAASGFVFSSYDMSWVRQTPERGLEWVAYISSGGGITYAPSTVKGRFTVSRDNAKNTLYLQMNSLTSEDTAVYYCAAHYFGSSGPFAYWGQGTLVTVSS,DIQMTQSPASLSASVGDRVTITCRASENIFSYLAWYQQKPGKSPKLLVYNTRTLAEGVPSRFSGSGSGTDFSLTISSLQPEDFATYYCQHHYGTPFTFGSGTKLEIK,8bw0,HL
Umesolerbart,Bet v 1,EVQLVESGGDLVQPGGSLRLSCAASGFTFSSYEMNWVRQAPGKGLEWVSFISDSSSNIYYADSVKGRFTISRDNAKKSLYLQMTSLRAEDTAVYYCAREAIGSTSFDNWGQGTLVTVSS,EIVMTQSPATLSVSPGERATLSCRASQSVSSSLAWYQQKPGQAPRRLIYSASTRATGIPARFSGSGSGTEFTLTISSLQSEDFAIYYCHQYNNWPLTFGGGTKVEIK,7mxl,HL
Umizortamig1,EGFRvIII;CD3E,EVQLVESGGGLVQPGGSLRLSCAASGFTISTNAMSWVRQAPGKGLEWIGVITGRDITYYASWAKGRFTISRDNSKNTLYLQMNSLRAEDTAVYYCARDGGSSAITSNNIWGQGTLVTVSS,DVVMTQSPSTLSASVGDRVTINCQASESISSWLAWYQQKPGKAPKLLIYEASKLASGVPSRFSGSGSGTEFTLTISSLQPDDFATYYCQGYFYFISRTYVNSFGGGTKVEIK,3g5x,DC
Upanovimab,SARS-CoV-2 Spike RBD,EVKLVESGGGLVKPGGSLRLSCAASGFTFSNYGMSWVRQAPGKRLEWVAEISSGGSYTYYPDTVTGRFTISRDNAKNTLYLQMNSLRAEDTAVYYCARFRYDGGGGTVDYWGQGTLVTVSS,EIVLTQSPATLSLSPGERATLSCRASESVDNYGISFMNWFQQKPGQAPRLLIYAASNQGSGVPARFSGSGSGTDFSLTISSLEPEDFAVYFCQQSKEVPRTFGQGTKVEIK,7cyh,ED
Urelumab,TNFRSF9/CD137/4-1BB,QVQLQQWGAGLLKPSETLSLTCAVYGGSFSGYYWSWIRQSPEKGLEWIGEINHGGYVTYNPSLESRVTISVDTSKNQFSLKLSSVTAADTAVYYCARDYGPGNYDWYFDLWGRGTLVTVSS,EIVLTQSPATLSLSPGERATLSCRASQSVSSYLAWYQQKPGQAPRLLIYDASNRATGIPARFSGSGSGTDFTLTISSLEPEDFAVYYCQQRSNWPPALTFGGGTKVEIK,6mhr,AB
Ustekinumab,IL12B/CLMFp40,EVQLVQSGAEVKKPGESLKISCKGSGYSFTTYWLGWVRQMPGKGLDWIGIMSPVDSDIRYSPSFQGQVTMSVDKSITTAYLQWNSLKASDTAMYYCARRRPGQGYFDFWGQGTLVTVSS,DIQMTQSPSSLSASVGDRVTITCRASQGISSWLAWYQQKPEKAPKSLIYAASSLQSGVPSRFSGSGSGTDFTLTISSLQPEDFATYYCQQYNIYPYTFGQGTKLEIK,3hmw,HL
Utomilumab,TNFRSF9/CD137/4-1BB,EVQLVQSGAEVKKPGESLRISCKGSGYSFSTYWISWVRQMPGKGLEWMGKIYPGDSYTNYSPSFQGQVTISADKSISTAYLQWSSLKASDTAMYYCARGYGIFDYWGQGTLVTVSS,SYELTQPPSVSVSPGQTASITCSGDNIGDQYAHWYQQKPGQSPVLVIYQDKNRPSGIPERFSGSNSGNTATLTISGTQAMDEADYYCATYTGFGSLAVFGGGTKLTVL,6a3w,GH
Valanafusp,INSR/CD220,QVQLQQSGPELVKPGALVKISCKASGYTFTNYDIHWVKQRPGQGLEWIGWIYPGDGSTKYNEKFKGKATLTADKSSSTAYMHLSSLTSEKSAVYFCAREWAYWGQGTLVTVSA,DIQMTQSPSSLSASLGERVSLTCRASQDIGGNLYWLQQGPDGTIKRLIYATSSLDSGVPKRFSGSRSGSDYSLTISSLESEDFVDYYCLQYSSSPWTFGGGTKMEIK,5kqv,PQ
Vanucizumab,ANGPT2;VEGFA,QVQLVQSGAEVKKPGASVKVSCKASGYTFTGYYMHWVRQAPGQGLEWMGWINPNSGGTNYAQKFQGRVTMTRDTSISTAYMELSRLRSDDTAVYYCARSPNPYYYDSSGYYYPGAFDIWGQGTMVTVSS,QPGLTQPPSVSVAPGQTARITCGGNNIGSKSVHWYQQKPGQAPVLVVYDDSDRPSGIPERFSGSNSGNTATLTISRVEAGDEADYYCQVWDSSSDHYVFGTGTKVTVL,4imk,AD
Vebanvibart,SARS-CoV-2 Spike RBD,QVQLVQSGAEVKKPGSSVKVSCKASGGTFRSHVISWVRQAPGQGLEWMGGFIPLFGTTIYAQAFQGRVMISADESTSTAYMELSSLRSEDTAVYFCARLFPNGDPNSPEDGFDIWGQGTLVTVSA,DIQMTQSPSSLSASVGDRVTITCQASQDIGNYLNWYQQKPGKAPKLLIYDASHLETGVPSRFSGSGSGTDFTFTISSLQPEDIATYYCQRYDDLPSYTFGQGTKVEIK,7y0w,AB
Velaprumig,ALB;CD40LG/CD154,QVQLVQSGGGPVKPGGSLRLSCAASGFMFRAYSMNWVRQAPGKGLEWVSSISSSGRYIHYADSVKGRFTISRDNAKNSLYLQMNSLRAEDTAVYYCARETVMAGKALDYWGQGTLVTVSS,DIVLTQSPGTLSLSPGETATLSCRASQSVGSNLAWYQQKPGQAPRLLIYGASTGATGVPARFSGSRSGTDFTLTITSLQPEDFATYYCQQYYSFLAKTFGQGTQLEIK,1i9r,KM
Venanprubart,BTLA/CD272,QVQLVQSGAEVKKPGASVKVSCKASGFSLSSYGVSWVRQAPGQGLEWMGAISYDGITYYASWAKSRVTMTRDTSTSTVYMELSSLRSEDTAVYYCARGDYYDDYVYVYALDIWGQGTLVTVSS,EIVLTQSPGTLSLSPGERATLSCQASQSISTALAWYQQKPGQAPRLLIYAASTLASGIPDRFSGSGSGTDFTLTISRLEPEDFAVYYCQQGYSSSNLDNVFGGGTKVEIK,8f6o,AB
Vesencumab,NRP1,EVQLVESGGGLVQPGGSLRLSCAASGFTFSSYAMSWVRQAPGKGLEWVSQISPAGGYTNYADSVKGRFTISADTSKNTAYLQMNSLRAEDTAVYYCARGELPYYRMSKVMDVWGQGTLVTVSS,DIQMTQSPSSLSASVGDRVTITCRASQYFSSYLAWYQQKPGKAPKLLIYGASSRASGVPSRFSGSGSGTDFTLTISSLQPEDFATYYCQQYLGSPPTFGQGTKVEIK,2qqn,HL
Verenafusp,INSR/CD220,QVQLQQSGPELVKPGALVKISCKASGYTFTNYDIHWVKQRPGQGLEWIGWIYPGDGSTKYNEKFKGKATLTADKSSSTAYMHLSSLTSEKSAVYFCAREWAYWGQGTLVTVSA,DIQMTQSPSSLSASLGERVSLTCRASQDIGGNLYWLQQGPDGTIKRLIYATSSLDSGVPKRFSGSRSGSDYSLTISSLESEDFVDYYCLQYSSSPWTFGGGTKMEIK,5kqv,PQ
Vilastobart,CTLA4/CD152,QVQLVQSGAEVKKPGSSVKVSCKASGYTFTNYFMNWVRQAPGQGLEWMGRVDPEQGRADYAEKFKKRVTITADKSTSTAYMELSSLRSEDTAVYYCARRAMDNYGFAYWGQGTLVTVSS,EIVLTQSPDFQSVTPKEKVTITCSANSALSYMYWYQQKPDQSPKLWVHGTSNLASGVPSRFSGSGSGTDFTLTINSLEAEDAATYYCHHWSNTQWTFGGGTKVEIK,8g8n,AB
Vislarafusp,SIRPA,EVQLVESGGGLVQPGGSLRLSCAASGFNIKDTIYHWVRQAPGKGLEWVARIYPTNGYTRYADSVKGRFTISADTSKNTAYLQMNSLRAEDTAVYYCSRWGGDGFYAMDYWGQGTLVTVSS,DIQMTQSPSSLSASVGDRVTITCRASQDVNTAVAWYQQKPGKAPKLLIYSASFLYSGVPSRFSGSRSGTDFTLTISSLQPEDFATYYCQQHYTTPPTFGQGTKVEIK,6bi0,HL
Vixticibart,NPR1/ANPRA/ANPa/GUC2A/GUCY2A/NPRA,QVQLVQSGAEVKKPGASVTVSCKASGYTFTDYYMHWVRQAPGQGLEWMGWIKPNSGGTNSAQRFQGRITMTWDTSISTAYMELSRLRSDDTAVYYCSRGGPVMNYYYYYGMDVWGQGTTVTVSS,NIQMTQSPSSLSASVGDRVTITCRASQSIDSYLNWYQQKPGKAPKLLIYVASSLQSGVPSRFSGSGSGKDFTLTISSLQPEDFATYYCQQSYSIPTFGQGTRLEIK,8tga,EF
Vobarilizumab,IL6R/CD126;ALB,EVQLVESGGGLVQPGGSLRLSCAASGSVFKINVMAWYRQAPGKGRELVAGIISGGSTSYADSVKGRFTISRDNAKNTLYLQMNSLRPEDTAVYYCAFITTESDYDLGRRYWGQGTLVTVSS,na,7xl0,B
Vofatamab,FGFR3/CD333,EVQLVESGGGLVQPGGSLRLSCAASGFTFTSTGISWVRQAPGKGLEWVGRIYPTSGSTNYADSVKGRFTISADTSKNTAYLQMNSLRAEDTAVYYCARTYGIYDLYVDYTEYVMDYWGQGTLVTVSS,DIQMTQSPSSLSASVGDRVTITCRASQDVDTSLAWYKQKPGKAPKLLIYSASFLYSGVPSRFSGSGSGTDFTLTISSLQPEDFATYYCQQSTGHPQTFGQGTKVEIK,4wv1,BA
Volagidemab,GCCR/NR3C1,QVQLVESGGGVVQPGRSLRLSCAASGFTFSSYGMHWVRQAPGKGLEWVAVMWYDGSNKDYVDSVKGRFTISRDNSKNTLYLQMNRLRAEDTAVYYCAREKDHYDILTGYNYYYGLDVWGQGTTVTVSS,DIQMTQSPSSLSASVGDRVTITCRASQGIRNDLGWYQQKPGKAPKRLIYAASSLQSGVPSRFSGSGSGTEFTLTISSVQPEDFVTYYCLQHNSNPLTFGGGTKVEIK,4lf3,ED
Volrustomig,CTLA4/CD152;PDCD1/CD279/PD1,QVQLVESGGGVVQPGRSLRLSCAASGFTFSSYGMHWVRQAPGKGLEWVAVIWYDGSNKYYADSVKGRFTISRDNSKNTLYLQMNSLRAEDTAVYYCARDPRGATLYYYYYGMDVWGQGTTVTVSS,DIQMTQSPSSLSASVGDRVTITCRASQSINSYLDWYQQKPGKAPKLLIYAASSLQSGVPSRFSGSGSGTDFTLTISSLQPEDFATYYCQQYYSTPFTFGPGTKVEIK,5ggu,HL
Vonlerolizumab,TNFRSF4/CD134/OX40,EVQLVQSGAEVKKPGASVKVSCKASGYTFTDSYMSWVRQAPGQGLEWIGDMYPDNGDSSYNQKFRERVTITRDTSTSTAYLELSSLRSEDTAVYYCVLAPRWYFSVWGQGTLVTVSS,DIQMTQSPSSLSASVGDRVTITCRASQDISNYLNWYQQKPGKAPKLLIYYTSRLRSGVPSRFSGSGSGTDFTLTISSLQPEDFATYYCQQGHTLPPTFGQGTKVEIK,6okn,AB
Vopikitug,IL2RA/CD25,QVQLVQSGAEVKKPGSSVKVSCKASGGTFSSLAISWVRQAPGQGLEWMGGIIPIFGTANYAQKFQGRVTITADESTSTAYMELSSLRSEDTAVYYCARGGSVSGTLVDFDIWGQGTMVTVSS,DIQMTQSPSTLSASVGDRVTITCRASQSISSWLAWYQQKPGKAPKLLIYKASSLESGVPSRFSGSGSGTEFTLTISSLQPDDFATYYCQQYNIYPITFGGGTKVEIK,6yio,HL
Vudalimab,CTLA4/CD152;PDCD1/CD279/PD1,EVQLVESGGGLVKPGGSLRLSCAASGFTFSSYTMHWVRQAPGKGLEWVSFISYDGNNKYYADSVKGRFTISRDNAKNSLYLQMNSLRAEDTAVYYCARTGWLGPFDYWGQGTLVTVSS,EIVLTQSPGTLSLSPGERATLSCRASQSVSSSYLAWYQQKPGQAPRLLIYGAFSRATGIPDRFSGSGSGTDFTLTISRLEPEDFAVYYCQQYGSSPWTFGQGTKVEIK,5tru,HL
Xaluritamig,STEAP1;CD3,QVQLVQSGAEVKKPGASVKVSCKASGYTFSTYWIEWVRQAPGQRLEWMGEILPGSGQTDFNEKFQGRVTFTADTSSDTAYMELSSLRSEDTAVYYCTRWGYYGTRGYFNVWGQGTLVTVSS,EIVLTQSPATLSLSPGERATLSCRASSSVSYMHWFQQKPGQAPRLLIYSTSNLASGIPARFSGSGSGTDYTLTISSLEPEDFAVYYCQQRRSFPYTFGQGTKLEIK,8ucd,HL;None
Zanidatamab,ERBB2/CD340/HER2;ERBB2/CD340/HER2,EVQLVESGGGLVQPGGSLRLSCAASGFTFADYTMDWVRQAPGKGLEWVGDVNPNSGGSIYNQRFKGRFTFSVDRSKNTLYLQMNSLRAEDTAVYYCARNLGPSFYFDYWGQGTLVTVSS,DIQMTQSPSSLSASVGDRVTITCKASQDVSIGVAWYQQKPGKAPKLLIYSASYRYTGVPSRFSGSGSGTDFTLTISSLQPEDFATYYCQQYYIYPATFGQGTKVEIK,6bi0,HL
Zemocimig,F9a;F10,QVQLVESGGGLVQPGGSLRLSCAASGFTFSYYDIQWVRQAPGKGLEWVSSISPSGQSTYYRREVKGRFTISRDNSKNTLYLQMNSLRAEDTAVYYCARRTGREEGGWIFDYWGQGTLVTVSS,EIVLTQSPATLSVSPGERATLSCRASRSVRRELAWYQQKPGQAPELLIYGASTRETGIPARFSGSGSGTDFTLTINSLEAEDAATYYCQQYRDPPGTFGGGTKVEIK,8gv0,AB
Zenocutuzumab,ERBB3/HER3;ERBB2/CD340/HER2,QVQLVQSGAEVKKPGASVKVSCKASGYTFTGYYMHWVRQAPGQGLEWMGWINPNSGGTNYAQKFQGRVTMTRDTSISTAYMELSRLRSDDTAVYYCARDHGSRHFWSYWGFDYWGQGTLVTVSS,DIQMTQSPSSLSASVGDRVTITCRASQSISSYLNWYQQKPGKAPKLLIYAASSLQSGVPSRFSGSGSGTDFTLTISSLQPEDFATYYCQQSYSTPPTFGQGTKVEIK,5o4o,BA
Zeripatamig,IAP/CD47;CD19,EVQLLESGGGLVQPGGSLRLSCAASGFTFSSYAMSWVRQAPGKGLEWVSAISGSGGSTYYADSVKGRFTISRDNSKNTLYLQMNSLRAEDTAVYYCAKSYGAFDYWGQGTLVTVSS,DIQMTQSPSSLSASVGDRVTITCRASQSISSYLNWYQQKPGKAPKLLIYAASSLQSGVPSRFSGSGSGTDFTLTISSLQPEDFATYYCQQMHPRAPKTFGQKTKVEIK,8rp8,AB
Zinlirvimab,HIV-1 gp120 V3,QVQLQESGPGLVKPSETLSVTCSVSGDSMNNYYWTWIRQSPGKGLEWIGYISDRESATYNPSLNSRVVISRDTSKNQLSLKLNSVTPADTAVYYCATARRGQRIYGVVSFGEFFYYYSMDVWGKGTTVTVSS,SYVRPLSVALGETARISCGRQALGSRAVQWYQHRPGQAPILLIYNNQDRPSGIPERFSGTPDINFGTRATLTISGVEAGDEADYYCHMWDSRSGFSWSFGGATRLTVL,6orn,AB
Zuberitamab,MS4A1/CD20,EVQLQQSGAELVRPGASVKMSCKASGYTFTSYNMHWVKQTPRQGLEWIGAIYPGNGDTSYNQKFKGKATLTVDKSSSTAYMQLSSLTSEDSAVYFCARVVYYSNSYWYFDVWGTGTTVTVSS,DIELSQSPAILSASPGEKVTMTCRASSSVSYMHWYQQKPGSSPKPWIYAPSNLASGVPARFSGSGSGTSYSLTISRVEAEDAATYYCQQWSFNPPTFGAGTKLEIK,3bky,HL
